Workbook
Name DayNumber: #REF!
Name DayNumber: #REF!
Name diff: INT(('Form Mẫu Lá Số Tử Vi(Admin)'!jd_DayNumber - 'Form Mẫu Lá Số Tử Vi(Admin)'!jd_a11) / 29)
Name diff: INT((jd_DayNumber - jd_a11) / 29)
Name dr: PI()/180
Name jd_a11: INT(IF(l_a11>=monthStart,DATE(Year-1,12,20)-TEXT(DATE(Year-1,12,20),"[$-0011042A]dd"),l_a11)+2415018.5)
Name jd_DayNumber: INT(#REF!+2415018.5)
Name jd_DayNumber: INT(#REF!+2415018.5)
Name l_a11: #REF!
Name l_a11: #REF!
Name LeapMonthDiff: #REF!
Name LeapMonthDiff: #REF!
Name LeapYear: #REF!
Name LeapYear: #REF!
Name listcheck: 'AN CÁC SAO CHÍNH TINH'!$AN:$AO
Name LunarDay: TEXT('Form Mẫu Lá Số Tử Vi(Admin)'!DayNumber,"[$-0011042A]dd")
Name LunarDay: TEXT(DayNumber,"[$-0011042A]dd")
Name LunarMonth: IF(AND(LeapYear,diff>=LeapMonthDiff),diff+10,diff+ 11)
Name LunarMonth2: TEXT(IF('Form Mẫu Lá Số Tử Vi(Admin)'!LunarMonth>12,MOD('Form Mẫu Lá Số Tử Vi(Admin)'!LunarMonth,12),'Form Mẫu Lá Số Tử Vi(Admin)'!LunarMonth),"00")
Name LunarMonth2: TEXT(IF(LunarMonth>12,MOD(LunarMonth,12),LunarMonth),"00")
Name monthStart: IF(EDATE(DayNumber,1)-TEXT(EDATE(DayNumber,1),"[$-0011042A]dd")+1>DayNumber,DayNumber-TEXT(DayNumber,"[$-0011042A]dd")+1,EDATE(DayNumber,1)-TEXT(EDATE(DayNumber,1),"[$-0011042A]dd")+1)
Name NAMLIST: #REF!
Name NAMLIST: #REF!
Name Year: #REF!
Name Year: #REF!

Sheet AN CÁC SAO CHÍNH TINH
E1: =CONCATENATE("THÁI TUẾ",J2,'TẠO LÁ SỐ'!$L$35,'TẠO LÁ SỐ'!L30) -> THÁI TUẾDẬU7THÂN | F1: =CONCATENATE("THÁNG-",'TẠO LÁ SỐ'!L35) -> THÁNG-7 | G1: =CONCATENATE("GIỜ-",'TẠO LÁ SỐ'!L30) -> GIỜ-THÂN | H1: =CONCATENATE($I$2,M85) -> QUÝTHAM LANG | I1: =CONCATENATE('TẠO LÁ SỐ'!$L$30,"-",'TẠO LÁ SỐ'!L35) -> THÂN-7 | J1: ='TẠO LÁ SỐ'!B1 -> 1993 | O1: =CONCATENATE('TẠO LÁ SỐ'!L38,'TẠO LÁ SỐ'!L30,'AN CÁC SAO CHÍNH TINH'!J2) -> ÂM NỮTHÂNDẬU | P1: =CONCATENATE(L43,M43,'TẠO LÁ SỐ'!$L$36) -> TẢ PHÙTuất6 | Q1: =CONCATENATE(L56,M56,'TẠO LÁ SỐ'!L36) -> VĂN XƯƠNGDần6 | Y1: =CONCATENATE('TẠO LÁ SỐ'!$L$37,'TẠO LÁ SỐ'!$G$1) -> NỮDẬU | Z1: ='TẠO LÁ SỐ'!M32 -> QUÝ DẬU | BA1: =BL1 -> #REF! | BB1: 1 | BF1: LƯU TIEUR HẠN | BG1: tháng sinh | BH1: giờ sinh | BI1: =VLOOKUP($AB$52,$M$3:$O$14,3,0) -> #REF! | BJ1: =BI1-VLOOKUP(BG2,$BA$16:$BB$27,2,0) -> #REF! | BK1: =IF(BJ1+VLOOKUP(BH2,$BE$3:$BG$14,2,0)>$O$14,VLOOKUP(BJ1+VLOOKUP(BH2,$BE$3:$BG$14,2,0),$G$3:$MF$14,9,0),BJ1+VLOOKUP(BH2,$BE$3:$BG$14,2,0)) -> #REF! | BL1: =VLOOKUP(BK1,$O$2:$Q$14,3,0) -> #REF! | BN1: ='TẠO LÁ SỐ'!L46 -> 2025 | BO1: =VLOOKUP(BN1,'NGŨ HÀNH'!$A:$I,4,0) -> Ất Tỵ | BP1: GIỜ KIM THIẾT | BQ1: TUẤT | BR1: NĂM SINH | BS1: THÁNG SINH | BT1: NGÀY SINH | BU1: GIỜ SINH | BV1: GIỚI TÍNH | BX1: NĂM | CA1: tháng | CB1: =$BQ$3 -> MÙI | CC1: 1 | CD1: =$BQ$4 -> SỬU | CE1: 1 | CF1: =$BQ$5 -> NGỌ | CG1: 1 | CJ1: AN MỆNH CHỦ | CT1: ='TẠO LÁ SỐ'!L38 -> ÂM NỮ | CU1: tính tháng trong năm xem | CV1: tháng sinh | CW1: giờ sinh | CZ1: =CU2 -> HỢI | DA1: 1 | DD1: =$CU$3 -> TỴ | DE1: =VALUE(0) -> 0
A2: GIỜ SINH-THÁNG SINH | B2: CUNG | C2: AN TẠI | D2: d | F2: =CONCATENATE('TẠO LÁ SỐ'!L39,'TẠO LÁ SỐ'!L36) -> KIM 4 CỤC6 | G2: =CONCATENATE('TẠO LÁ SỐ'!$L$38,"-",I2) -> ÂM NỮ-QUÝ | H2: =VLOOKUP($J$1,'NGŨ HÀNH'!$A:$I,4,0) -> Quý Dậu | I2: =VLOOKUP($J$1,'NGŨ HÀNH'!$A:$I,2,0) -> QUÝ | J2: =VLOOKUP($J$1,'NGŨ HÀNH'!$A:$I,3,0) -> DẬU | L2: CUNG | M2: AN TAIJ | N2: an các cung trong lá số | O2: =CONCATENATE(L3,M3,'TẠO LÁ SỐ'!L30) -> CUNG MỆNHTÝTHÂN | P2: =CONCATENATE(L44,M44,'TẠO LÁ SỐ'!$L$36) -> HỮU BẬTThìn6 | Q2: =CONCATENATE(L57,M57,'TẠO LÁ SỐ'!L36) -> VĂN KHÚCTÝ6 | R2: =CONCATENATE($L$3,$M$3,$J$2) -> CUNG MỆNHTÝDẬU | U2: TÍNH CHẤT | V2: SAO | W2: CUNG | Y2: =CONCATENATE('TẠO LÁ SỐ'!L37,'TẠO LÁ SỐ'!G1,'TẠO LÁ SỐ'!G2) -> NỮDẬUTỴ | Z2: =CONCATENATE('TẠO LÁ SỐ'!$L$38,'TẠO LÁ SỐ'!$L$39) -> ÂM NỮKIM 4 CỤC | AE2: TUẦN-TRIỆT | AF2: TUẦN-TRIỆT | AH2: TUỔI | AI2: NỮ | AJ2: NAM | AN2: tứ hóa | AO2: vượngđắc | AZ2: CUNG | BC2: =MAX($BG$3:$BG$14) -> #REF! | BE2: CUNG | BF2: =$AB$52 -> HỢI | BG2: ='TẠO LÁ SỐ'!L35 -> 7 | BH2: ='TẠO LÁ SỐ'!L30 -> THÂN | BI2: cách tính | BN2: ='TẠO LÁ SỐ'!M32 -> QUÝ DẬU | BO2: ='TẠO LÁ SỐ'!L38 -> ÂM NỮ | BP2: ='TẠO LÁ SỐ'!L37 -> NỮ | BQ2: =VLOOKUP(BQ1,$M$2:$O$14,3,0) -> #REF! | BR2: =VLOOKUP('TẠO LÁ SỐ'!L32,'NGŨ HÀNH'!$A:$I,3,0) -> DẬU | BS2: ='TẠO LÁ SỐ'!L35 -> 7 | BT2: =VLOOKUP('TẠO LÁ SỐ'!L36,LƯU!$CG$2:$CH$31,2,0) -> 6 | BU2: ='TẠO LÁ SỐ'!L30 -> THÂN | BV2: =IFERROR(VLOOKUP(CONCATENATE($BP$2," ",$BQ$6),LƯU!$BV$15:$BW$1048576,2,0),"") | BX2: TÝ | BY2: TUẤT | BZ2: =IF(CA2=$CB$1,$CC$1,BZ13+1) -> 9 | CA2: HỢI | CD2: =IF(CE2=$CD$1,$CE$1,CD13+1) -> 12 | CE2: TÝ | CF2: HỢI | CG2: =IF(CF2=$CF$1,$CG$1,CG13+1) -> 8 | CJ2: Mệnh Chủ được an theo Địa chi của Mệnh Cung, | CL2: năm | CM2: AN CHỦ MỆNH | CP2: NĂM | CQ2: AN CHỦ THÂN | CT2: TỪ CUNG TIỂU HẠN TRONG THIÊN BÀN | CU2: =$AB$52 -> HỢI | CV2: ='TẠO LÁ SỐ'!L35 -> 7 | CW2: ='TẠO LÁ SỐ'!L30 -> THÂN | CY2: =IF(CZ2=$CZ$1,$DA$1,CY13+1) -> 1 | CZ2: HỢI | DC2: TÝ | DD2: =IF($DC2=$DD$1,$DE$1,DD13+10) -> 70 | DE2: =IF($DC2=$DD$1,$DE$1,DE13-10) -> -70 | DG2: 1 | DH2: TÝ | DJ2: =CONCATENATE(DK2,DL2) -> TÝTÝ | DK2: TÝ | DL2: TÝ | DM2: TÝ | DO2: các sao | DR2: NĂM TUỔI | DS2: TÍNH HẠN
A3: TÝ-1 | B3: CUNG MỆNH | C3: DẦN | E3: =IF(LEFT($Z$1,FIND(" ",$Z$1)-1)=LEFT($P3,FIND(" ",$P3)-1),"LAI NHÂN CUNG","") | F3: =$O$4+10 -> #REF! | G3: =O14+10 -> #REF! | H3: =CONCATENATE(IF(LEN(IFERROR(VLOOKUP(N3,'TẠO LÁ SỐ'!$K$40:$M$40,3,0),""))=VALUE(8),CONCATENATE(IFERROR(VLOOKUP(N3,'TẠO LÁ SỐ'!$K$40:$M$40,3,0),""),M3),0),$J$2) -> 0DẬU | I3: =CONCATENATE("CUNG MỆNH",M3) -> CUNG MỆNHTÝ | J3: AN CÁC CUNG DỰA VÀO GIỜ SINH VÀ THÁNG SINH | K3: =MATCH($I$1,OFFSET('AN CÁC SAO CHÍNH TINH'!$A$1,'AN CÁC SAO CHÍNH TINH'!K2,0,1000000),0)+'AN CÁC SAO CHÍNH TINH'!K2 -> 105 | L3: {=INDEX($B:$B,K3)} -> CUNG MỆNH | M3: {=INDEX($C:$C,K3)} -> TÝ | N3: =L3 -> CUNG MỆNH | O3: =IF(OR('TẠO LÁ SỐ'!$L$38="DƯƠNG NAM",'TẠO LÁ SỐ'!$L$38="ÂM NỮ"),VLOOKUP('AN CÁC SAO CHÍNH TINH'!$N3,#REF!,2,0),VLOOKUP('AN CÁC SAO CHÍNH TINH'!$N3,#REF!,3,0)) -> #REF! | P3: =VLOOKUP(M3,$AB$20:$AC$34,2,0) -> Giáp Tý | Q3: =M3 -> TÝ | R3: =O3 -> #REF! | S3: =VLOOKUP(R3,$O$3:$Q$14,3,0) -> #REF! | U3: DƯƠNG NAMTHỦY 2 CỤC | V3: TRƯỜNG SINH | W3: THÂN | Z3: AN SAO VÒNG TRƯỜNG SINH | AA3: =MATCH($Z$2,OFFSET($U$1,'AN CÁC SAO CHÍNH TINH'!AA2,0,1000000),0)+'AN CÁC SAO CHÍNH TINH'!AA2 -> 159 | AB3: {=INDEX($W:$W,AA3)} -> TỴ | AC3: {=INDEX($V:$V,AA3)} -> TRƯỜNG SINH | AD3: =VLOOKUP(AB3,$M$3:$N$14,2,0) -> CUNG NÔ BỘC | AE3: TUẦN | AF3: TUẦN | AH3: 10 | AI3: KẾ ĐÔ - HÀNH THỔ | AJ3: LA HẦU - HÀNH KIM | AN3: Đ.V.HÓA QUYỀNTHÌN | AO3: Đ.V.HÓA QUYỀN-V | AR3: =CONCATENATE(AS3,AU3) -> TỬ VITÝ | AS3: TỬ VI | AT3: B | AU3: TÝ | AV3: =CONCATENATE(AS3," ",AT3) -> TỬ VI B | AX3: =CONCATENATE("L.",AN3) -> L.Đ.V.HÓA QUYỀNTHÌN | AY3: =CONCATENATE("L.",AO3) -> L.Đ.V.HÓA QUYỀN-V | AZ3: TÝ | BA3: =IF(AZ3=$BA$1,$BB$1,BA14+1) -> #REF! | BC3: =BD3+120 -> #REF! | BD3: =BG3 -> #REF! | BE3: TÝ | BG3: =VLOOKUP(BE3,$M$3:$O$14,3,0) -> #REF! | BH3: 0 | BP3: TỪ CUNG TUẤT KHỞI THUẬN ĐẾN NĂM SINH | BQ3: =VLOOKUP(BR2,$BX$2:$BY$13,2,0) -> MÙI | BX3: SỬU | BY3: HỢI | BZ3: =IF(CA3=$CB$1,$CC$1,BZ2+1) -> 10 | CA3: TUẤT | CD3: =IF(CE3=$CD$1,$CE$1,CD2+1) -> 1 | CE3: SỬU | CF3: TUẤT | CG3: =IF(CF3=$CF$1,$CG$1,CG2+1) -> 9 | CJ3: MỆNH CUNG / MỆNH CHỦ | CL3: TÝ | CM3: THAM LANG | CP3: TÝ | CQ3: LINH TINH | CT3: ĐẾM NGHỊCH ĐẾN THÁNG SINH | CU3: =VLOOKUP(CV2,$CY$2:$CZ$13,2,0) -> TỴ | CV3: =VLOOKUP(CU3,$M$3:$O$14,3,0) -> #REF! | CX3: =CW3+CV3 -> #REF! | CY3: =IF(CZ3=$CZ$1,$DA$1,CY2+1) -> 2 | CZ3: TUẤT | DC3: SỬU | DD3: =IF(DC3=$DD$1,$DE$1,DD2+10) -> 80 | DE3: =IF($DC3=$DD$1,$DE$1,DE2-10) -> -80 | DG3: 2 | DH3: SỬU | DJ3: =CONCATENATE(DK3,DL3) -> TÝSỬU | DK3: TÝ | DL3: SỬU | DM3: SỬU | DO3: ÂN QUANG | DR3: 1 | DS3: CUNG MỆNH | DT3: 1
A4: TÝ-2 | B4: CUNG MỆNH | C4: MÃO | E4: =IF(LEFT($Z$1,FIND(" ",$Z$1)-1)=LEFT($P4,FIND(" ",$P4)-1),"LAI NHÂN CUNG","") | F4: =O4+120 -> #REF! | G4: =G3+10 -> #REF! | H4: =CONCATENATE(IF(LEN(IFERROR(VLOOKUP(N4,'TẠO LÁ SỐ'!$K$40:$M$40,3,0),""))=VALUE(8),CONCATENATE(IFERROR(VLOOKUP(N4,'TẠO LÁ SỐ'!$K$40:$M$40,3,0),""),M4),0),$J$2) -> 0DẬU | J4: AN CÁC CUNG DỰA VÀO GIỜ SINH VÀ THÁNG SINH | K4: =MATCH($I$1,OFFSET('AN CÁC SAO CHÍNH TINH'!$A$1,'AN CÁC SAO CHÍNH TINH'!K3,0,1000000),0)+'AN CÁC SAO CHÍNH TINH'!K3 -> 249 | L4: {=INDEX($B:$B,K4)} -> CUNG PHỤ MẪU | M4: {=INDEX($C:$C,K4)} -> SỬU | N4: =L4 -> CUNG PHỤ MẪU | O4: =IF(OR('TẠO LÁ SỐ'!$L$38="DƯƠNG NAM",'TẠO LÁ SỐ'!$L$38="ÂM NỮ"),VLOOKUP('AN CÁC SAO CHÍNH TINH'!$N4,#REF!,2,0),VLOOKUP('AN CÁC SAO CHÍNH TINH'!$N4,#REF!,3,0)) -> #REF! | P4: =VLOOKUP(M4,$AB$20:$AC$34,2,0) -> Ất Sửu | Q4: =M4 -> SỬU | R4: =O14 -> #REF! | S4: =VLOOKUP(R4,$O$3:$Q$14,3,0) -> #REF! | U4: DƯƠNG NAMTHỦY 2 CỤC | V4: DƯỠNG | W4: MÙI | Z4: AN SAO VÒNG TRƯỜNG SINH | AA4: =MATCH($Z$2,OFFSET($U$1,'AN CÁC SAO CHÍNH TINH'!AA3,0,1000000),0)+'AN CÁC SAO CHÍNH TINH'!AA3 -> 160 | AB4: {=INDEX($W:$W,AA4)} -> THÌN | AC4: {=INDEX($V:$V,AA4)} -> DƯỠNG | AD4: =VLOOKUP(AB4,$M$3:$N$14,2,0) -> CUNG QUAN LỘC | AE4: TRIỆT | AF4: TRIỆT | AH4: 11 | AI4: VÂN HỚN - HÀNH HỎA | AJ4: THỔ TÚ - HÀNH THỔ | AN4: Đ.V.HÓA QUYỀNTUẤT | AO4: Đ.V.HÓA QUYỀN-V | AR4: =CONCATENATE(AS4,AU4) -> TỬ VISỬU | AS4: TỬ VI | AT4: Đ | AU4: SỬU | AV4: =CONCATENATE(AS4," ",AT4) -> TỬ VI Đ | AX4: =CONCATENATE("L.",AN4) -> L.Đ.V.HÓA QUYỀNTUẤT | AY4: =CONCATENATE("L.",AO4) -> L.Đ.V.HÓA QUYỀN-V | AZ4: SỬU | BA4: =IF(AZ4=$BA$1,$BB$1,BA3+1) -> #REF! | BC4: =BD4+120 -> #REF! | BD4: =BG4 -> #REF! | BE4: SỬU | BF4: 10 | BG4: =VLOOKUP(BE4,$M$3:$O$14,3,0) -> #REF! | BH4: -10 | BI4: =VLOOKUP($AB$52,$M$3:$O$14,3,0) -> #REF! | BJ4: =IF(BI4-VLOOKUP($BG$2,$BA$16:$BC$27,3,0)<0,BI4+VLOOKUP($BG$2,$BA$16:$BB$27,2,0),BI4-VLOOKUP($BG$2,$BA$16:$BC$27,3,0)) -> #REF! | BK4: =BJ4+VLOOKUP(BH2,$BE$3:$BH$14,4,0) -> #REF! | BL4: =IF(BK4>$O$4,VLOOKUP(BK4,$F$3:$M$14,8,0),VLOOKUP(BK4,$O$3:$Q$14,3,0)) -> #REF! | BP4: KHỞI NGHỊCH ĐẾN THÁNG SINH | BQ4: =VLOOKUP(BS2,$BZ$2:$CA$13,2,0) -> SỬU | BX4: DẦN | BY4: TÝ | BZ4: =IF(CA4=$CB$1,$CC$1,BZ3+1) -> 11 | CA4: DẬU | CD4: =IF(CE4=$CD$1,$CE$1,CD3+1) -> 2 | CE4: DẦN | CF4: DẬU | CG4: =IF(CF4=$CF$1,$CG$1,CG3+1) -> 10 | CJ4: TÝ.........THAM LANG | CL4: SỬU | CM4: CỰ MÔN | CP4: SỬU | CQ4: THIÊN TƯỚNG | CT4: THUẬN ĐẾN GIỜ SINH | CU4: =VLOOKUP(CONCATENATE($CU$3,$CW$2),$DJ$2:$DM$145,4,0) -> SỬU | CY4: =IF(CZ4=$CZ$1,$DA$1,CY3+1) -> 3 | CZ4: DẬU | DC4: DẦN | DD4: =IF(DC4=$DD$1,$DE$1,DD3+10) -> 90 | DE4: =IF($DC4=$DD$1,$DE$1,DE3-10) -> -90 | DG4: 3 | DH4: DẦN | DJ4: =CONCATENATE(DK4,DL4) -> TÝDẦN | DK4: TÝ | DL4: DẦN | DM4: DẦN | DO4: BÁC SỸ | DR4: 2 | DS4: CUNG TÀI BẠCH | DT4: 2
A5: TÝ-3 | B5: CUNG MỆNH | C5: THÌN | E5: =IF(LEFT($Z$1,FIND(" ",$Z$1)-1)=LEFT($P5,FIND(" ",$P5)-1),"LAI NHÂN CUNG","") | F5: =O5+120 -> #REF! | G5: =G4+10 -> #REF! | H5: =CONCATENATE(IF(LEN(IFERROR(VLOOKUP(N5,'TẠO LÁ SỐ'!$K$40:$M$40,3,0),""))=VALUE(8),CONCATENATE(IFERROR(VLOOKUP(N5,'TẠO LÁ SỐ'!$K$40:$M$40,3,0),""),M5),0),$J$2) -> 0DẬU | J5: AN CÁC CUNG DỰA VÀO GIỜ SINH VÀ THÁNG SINH | K5: =MATCH($I$1,OFFSET('AN CÁC SAO CHÍNH TINH'!$A$1,'AN CÁC SAO CHÍNH TINH'!K4,0,1000000),0)+'AN CÁC SAO CHÍNH TINH'!K4 -> 393 | L5: {=INDEX($B:$B,K5)} -> CUNG PHÚC ĐỨC | M5: {=INDEX($C:$C,K5)} -> DẦN | N5: =L5 -> CUNG PHÚC ĐỨC | O5: =IF(OR('TẠO LÁ SỐ'!$L$38="DƯƠNG NAM",'TẠO LÁ SỐ'!$L$38="ÂM NỮ"),VLOOKUP('AN CÁC SAO CHÍNH TINH'!$N5,#REF!,2,0),VLOOKUP('AN CÁC SAO CHÍNH TINH'!$N5,#REF!,3,0)) -> #REF! | P5: =VLOOKUP(M5,$AB$20:$AC$34,2,0) -> Giáp Dần | Q5: =M5 -> DẦN | R5: =O13 -> #REF! | S5: =VLOOKUP(R5,$O$3:$Q$14,3,0) -> #REF! | U5: DƯƠNG NAMTHỦY 2 CỤC | V5: THAI | W5: NGỌ | Z5: AN SAO VÒNG TRƯỜNG SINH | AA5: =MATCH($Z$2,OFFSET($U$1,'AN CÁC SAO CHÍNH TINH'!AA4,0,1000000),0)+'AN CÁC SAO CHÍNH TINH'!AA4 -> 161 | AB5: {=INDEX($W:$W,AA5)} -> MÃO | AC5: {=INDEX($V:$V,AA5)} -> THAI | AD5: =VLOOKUP(AB5,$M$3:$N$14,2,0) -> CUNG ĐIỀN TRẠCH | AH5: 12 | AI5: MỘC ĐỨC- HÀNH MỘC- HÀNH MỘC | AJ5: THỦY DIỆU - HÀNH THỦY | AN5: Đ.V.HÓA QUYỀNSỬU | AO5: Đ.V.HÓA QUYỀN-V | AR5: =CONCATENATE(AS5,AU5) -> TỬ VIDẦN | AS5: TỬ VI | AT5: M | AU5: DẦN | AV5: =CONCATENATE(AS5," ",AT5) -> TỬ VI M | AX5: =CONCATENATE("L.",AN5) -> L.Đ.V.HÓA QUYỀNSỬU | AY5: =CONCATENATE("L.",AO5) -> L.Đ.V.HÓA QUYỀN-V | AZ5: DẦN | BA5: =IF(AZ5=$BA$1,$BB$1,BA4+1) -> #REF! | BC5: =BD5+120 -> #REF! | BD5: =BG5 -> #REF! | BE5: DẦN | BF5: 20 | BG5: =VLOOKUP(BE5,$M$3:$O$14,3,0) -> #REF! | BH5: -20 | BP5: KHỞI THUẬN ĐẾN NGÀY SINH | BQ5: =VLOOKUP(BT2,$CD$2:$CE$13,2,0) -> NGỌ | BR5: =VLOOKUP(BQ5,$BE$3:$BG$14,3,0) -> #REF! | BS5: =IF(OR($BO$2="DƯƠNG NAM",$BO$2="ÂM NỮ"),VLOOKUP($BU$2,$BE$3:$BH$14,4,0),VLOOKUP($BU$2,$BE$3:$BF$14,2,0)) -> 40 | BT5: =BR5+BS5 -> #REF! | BX5: MÃO | BY5: SỬU | BZ5: =IF(CA5=$CB$1,$CC$1,BZ4+1) -> 12 | CA5: THÂN | CD5: =IF(CE5=$CD$1,$CE$1,CD4+1) -> 3 | CE5: MÃO | CF5: THÂN | CG5: =IF(CF5=$CF$1,$CG$1,CG4+1) -> 11 | CJ5: SỬU........CỰ | CL5: DẦN | CM5: LỘC TỒN | CP5: DẦN | CQ5: THIÊN LƯƠNG | CY5: =IF(CZ5=$CZ$1,$DA$1,CY4+1) -> 4 | CZ5: THÂN | DC5: MÃO | DD5: =IF(DC5=$DD$1,$DE$1,DD4+10) -> 100 | DE5: =IF($DC5=$DD$1,$DE$1,DE4-10) -> -100 | DG5: 4 | DH5: MÃO | DJ5: =CONCATENATE(DK5,DL5) -> TÝMÃO | DK5: TÝ | DL5: MÃO | DM5: MÃO | DO5: BẠCH HỔ | DR5: 3 | DS5: CUNG TẬT ÁCH | DT5: 3
A6: TÝ-4 | B6: CUNG MỆNH | C6: TỴ | E6: =IF(LEFT($Z$1,FIND(" ",$Z$1)-1)=LEFT($P6,FIND(" ",$P6)-1),"LAI NHÂN CUNG","") | F6: =O6+120 -> #REF! | G6: =G5+10 -> #REF! | H6: =CONCATENATE(IF(LEN(IFERROR(VLOOKUP(N6,'TẠO LÁ SỐ'!$K$40:$M$40,3,0),""))=VALUE(8),CONCATENATE(IFERROR(VLOOKUP(N6,'TẠO LÁ SỐ'!$K$40:$M$40,3,0),""),M6),0),$J$2) -> 0DẬU | J6: AN CÁC CUNG DỰA VÀO GIỜ SINH VÀ THÁNG SINH | K6: =MATCH($I$1,OFFSET('AN CÁC SAO CHÍNH TINH'!$A$1,'AN CÁC SAO CHÍNH TINH'!K5,0,1000000),0)+'AN CÁC SAO CHÍNH TINH'!K5 -> 537 | L6: {=INDEX($B:$B,K6)} -> CUNG ĐIỀN TRẠCH | M6: {=INDEX($C:$C,K6)} -> MÃO | N6: =L6 -> CUNG ĐIỀN TRẠCH | O6: =IF(OR('TẠO LÁ SỐ'!$L$38="DƯƠNG NAM",'TẠO LÁ SỐ'!$L$38="ÂM NỮ"),VLOOKUP('AN CÁC SAO CHÍNH TINH'!$N6,#REF!,2,0),VLOOKUP('AN CÁC SAO CHÍNH TINH'!$N6,#REF!,3,0)) -> #REF! | P6: =VLOOKUP(M6,$AB$20:$AC$34,2,0) -> Ất Mão | Q6: =M6 -> MÃO | R6: =O12 -> #REF! | S6: =VLOOKUP(R6,$O$3:$Q$14,3,0) -> #REF! | U6: DƯƠNG NAMTHỦY 2 CỤC | V6: TUYỆT | W6: TỴ | Z6: AN SAO VÒNG TRƯỜNG SINH | AA6: =MATCH($Z$2,OFFSET($U$1,'AN CÁC SAO CHÍNH TINH'!AA5,0,1000000),0)+'AN CÁC SAO CHÍNH TINH'!AA5 -> 162 | AB6: {=INDEX($W:$W,AA6)} -> DẦN | AC6: {=INDEX($V:$V,AA6)} -> TUYỆT | AD6: =VLOOKUP(AB6,$M$3:$N$14,2,0) -> CUNG PHÚC ĐỨC | AH6: 13 | AI6: THÁI ÂM- HÀNH THỦY | AJ6: THÁI BẠCH - HÀNH KIM | AN6: Đ.V.HÓA QUYỀNMÙI | AO6: Đ.V.HÓA QUYỀN-V | AR6: =CONCATENATE(AS6,AU6) -> TỬ VIMÃO | AS6: TỬ VI | AT6: B | AU6: MÃO | AV6: =CONCATENATE(AS6," ",AT6) -> TỬ VI B | AX6: =CONCATENATE("L.",AN6) -> L.Đ.V.HÓA QUYỀNMÙI | AY6: =CONCATENATE("L.",AO6) -> L.Đ.V.HÓA QUYỀN-V | AZ6: MÃO | BA6: =IF(AZ6=$BA$1,$BB$1,BA5+1) -> #REF! | BC6: =BD6+120 -> #REF! | BD6: =BG6 -> #REF! | BE6: MÃO | BF6: 30 | BG6: =VLOOKUP(BE6,$M$3:$O$14,3,0) -> #REF! | BH6: 90 | BP6: KHỞI NGHỊCH ĐẾN GIỜ SINH | BQ6: =IF(BT5>$BC$2,VLOOKUP(BT5,$BC$3:$BE$14,3,0),VLOOKUP(BT5,$BD$3:$BE$14,2,0)) -> #REF! | BX6: THÌN | BY6: DẦN | BZ6: =IF(CA6=$CB$1,$CC$1,BZ5+1) -> 1 | CA6: MÙI | CD6: =IF(CE6=$CD$1,$CE$1,CD5+1) -> 4 | CE6: THÌN | CF6: MÙI | CG6: =IF(CF6=$CF$1,$CG$1,CG5+1) -> 12 | CJ6: DẦN........LỘC TỒN | CL6: MÃO | CM6: VĂN KHÚC | CP6: MÃO | CQ6: THIÊN ĐỒNG | CY6: =IF(CZ6=$CZ$1,$DA$1,CY5+1) -> 5 | CZ6: MÙI | DC6: THÌN | DD6: =IF(DC6=$DD$1,$DE$1,DD5+10) -> 110 | DE6: =IF($DC6=$DD$1,$DE$1,DE5-10) -> -110 | DG6: 5 | DH6: THÌN | DJ6: =CONCATENATE(DK6,DL6) -> TÝTHÌN | DK6: TÝ | DL6: THÌN | DM6: THÌN | DO6: BÁT TỌA | DR6: 4 | DS6: CUNG PHU/THÊ | DT6: 4
A7: TÝ-5 | B7: CUNG MỆNH | C7: NGỌ | E7: =IF(LEFT($Z$1,FIND(" ",$Z$1)-1)=LEFT($P7,FIND(" ",$P7)-1),"LAI NHÂN CUNG","") | F7: =O7+120 -> #REF! | G7: =G6+10 -> #REF! | H7: =CONCATENATE(IF(LEN(IFERROR(VLOOKUP(N7,'TẠO LÁ SỐ'!$K$40:$M$40,3,0),""))=VALUE(8),CONCATENATE(IFERROR(VLOOKUP(N7,'TẠO LÁ SỐ'!$K$40:$M$40,3,0),""),M7),0),$J$2) -> ( THÂN )THÌNDẬU | J7: AN CÁC CUNG DỰA VÀO GIỜ SINH VÀ THÁNG SINH | K7: =MATCH($I$1,OFFSET('AN CÁC SAO CHÍNH TINH'!$A$1,'AN CÁC SAO CHÍNH TINH'!K6,0,1000000),0)+'AN CÁC SAO CHÍNH TINH'!K6 -> 681 | L7: {=INDEX($B:$B,K7)} -> CUNG QUAN LỘC | M7: {=INDEX($C:$C,K7)} -> THÌN | N7: =L7 -> CUNG QUAN LỘC | O7: =IF(OR('TẠO LÁ SỐ'!$L$38="DƯƠNG NAM",'TẠO LÁ SỐ'!$L$38="ÂM NỮ"),VLOOKUP('AN CÁC SAO CHÍNH TINH'!$N7,#REF!,2,0),VLOOKUP('AN CÁC SAO CHÍNH TINH'!$N7,#REF!,3,0)) -> #REF! | P7: =VLOOKUP(M7,$AB$20:$AC$34,2,0) -> Bính Thìn | Q7: =M7 -> THÌN | R7: =O11 -> #REF! | S7: =VLOOKUP(R7,$O$3:$Q$14,3,0) -> #REF! | U7: DƯƠNG NAMTHỦY 2 CỤC | V7: MỘ | W7: THÌN | Z7: AN SAO VÒNG TRƯỜNG SINH | AA7: =MATCH($Z$2,OFFSET($U$1,'AN CÁC SAO CHÍNH TINH'!AA6,0,1000000),0)+'AN CÁC SAO CHÍNH TINH'!AA6 -> 163 | AB7: {=INDEX($W:$W,AA7)} -> SỬU | AC7: {=INDEX($V:$V,AA7)} -> MỘ | AD7: =VLOOKUP(AB7,$M$3:$N$14,2,0) -> CUNG PHỤ MẪU | AH7: 14 | AI7: THỔ TÚ - HÀNH THỔ | AJ7: THÁI DƯƠNG - HÀNH HỎA | AN7: Đ.V.HÓA KHOADẦN | AO7: Đ.V.HÓA KHOA-Đ | AR7: =CONCATENATE(AS7,AU7) -> TỬ VITHÌN | AS7: TỬ VI | AT7: V | AU7: THÌN | AV7: =CONCATENATE(AS7," ",AT7) -> TỬ VI V | AX7: =CONCATENATE("L.",AN7) -> L.Đ.V.HÓA KHOADẦN | AY7: =CONCATENATE("L.",AO7) -> L.Đ.V.HÓA KHOA-Đ | AZ7: THÌN | BA7: =IF(AZ7=$BA$1,$BB$1,BA6+1) -> #REF! | BC7: =BD7+120 -> #REF! | BD7: =BG7 -> #REF! | BE7: THÌN | BF7: 40 | BG7: =VLOOKUP(BE7,$M$3:$O$14,3,0) -> #REF! | BH7: 80 | BX7: TỴ | BY7: MÃO | BZ7: =IF(CA7=$CB$1,$CC$1,BZ6+1) -> 2 | CA7: NGỌ | CD7: =IF(CE7=$CD$1,$CE$1,CD6+1) -> 5 | CE7: TỴ | CF7: NGỌ | CG7: =IF(CF7=$CF$1,$CG$1,CG6+1) -> 1 | CJ7: MÃO........VĂN KHÚC | CL7: THÌN | CM7: LIÊM TRINH | CP7: THÌN | CQ7: VĂN XƯƠNG | CY7: =IF(CZ7=$CZ$1,$DA$1,CY6+1) -> 6 | CZ7: NGỌ | DC7: TỴ | DD7: =IF(DC7=$DD$1,$DE$1,DD6+10) -> 0 | DE7: =IF($DC7=$DD$1,$DE$1,DE6-10) -> 0 | DG7: 6 | DH7: TỴ | DJ7: =CONCATENATE(DK7,DL7) -> TÝTỴ | DK7: TÝ | DL7: TỴ | DM7: TỴ | DO7: BỆNH PHÙ | DR7: 5 | DS7: CUNG PHÚC ĐỨC | DT7: 5
A8: TÝ-6 | B8: CUNG MỆNH | C8: MÙI | E8: =IF(LEFT($Z$1,FIND(" ",$Z$1)-1)=LEFT($P8,FIND(" ",$P8)-1),"LAI NHÂN CUNG","") | F8: =O8+120 -> #REF! | G8: =G7+10 -> #REF! | H8: =CONCATENATE(IF(LEN(IFERROR(VLOOKUP(N8,'TẠO LÁ SỐ'!$K$40:$M$40,3,0),""))=VALUE(8),CONCATENATE(IFERROR(VLOOKUP(N8,'TẠO LÁ SỐ'!$K$40:$M$40,3,0),""),M8),0),$J$2) -> 0DẬU | J8: AN CÁC CUNG DỰA VÀO GIỜ SINH VÀ THÁNG SINH | K8: =MATCH($I$1,OFFSET('AN CÁC SAO CHÍNH TINH'!$A$1,'AN CÁC SAO CHÍNH TINH'!K7,0,1000000),0)+'AN CÁC SAO CHÍNH TINH'!K7 -> 825 | L8: {=INDEX($B:$B,K8)} -> CUNG NÔ BỘC | M8: {=INDEX($C:$C,K8)} -> TỴ | N8: =L8 -> CUNG NÔ BỘC | O8: =IF(OR('TẠO LÁ SỐ'!$L$38="DƯƠNG NAM",'TẠO LÁ SỐ'!$L$38="ÂM NỮ"),VLOOKUP('AN CÁC SAO CHÍNH TINH'!$N8,#REF!,2,0),VLOOKUP('AN CÁC SAO CHÍNH TINH'!$N8,#REF!,3,0)) -> #REF! | P8: =VLOOKUP(M8,$AB$20:$AC$34,2,0) -> Đinh Tỵ | Q8: =M8 -> TỴ | R8: =O10 -> #REF! | S8: =VLOOKUP(R8,$O$3:$Q$14,3,0) -> #REF! | U8: DƯƠNG NAMTHỦY 2 CỤC | V8: TỬ | W8: MÃO | Z8: AN SAO VÒNG TRƯỜNG SINH | AA8: =MATCH($Z$2,OFFSET($U$1,'AN CÁC SAO CHÍNH TINH'!AA7,0,1000000),0)+'AN CÁC SAO CHÍNH TINH'!AA7 -> 164 | AB8: {=INDEX($W:$W,AA8)} -> TÝ | AC8: {=INDEX($V:$V,AA8)} -> TỬ | AD8: =VLOOKUP(AB8,$M$3:$N$14,2,0) -> CUNG MỆNH | AH8: 15 | AI8: LA HẦU - HÀNH KIM | AJ8: VÂN HỚN - HÀNH HỎA | AN8: Đ.V.HÓA KHOATHÂN | AO8: Đ.V.HÓA KHOA-Đ | AR8: =CONCATENATE(AS8,AU8) -> TỬ VITỴ | AS8: TỬ VI | AT8: M | AU8: TỴ | AV8: =CONCATENATE(AS8," ",AT8) -> TỬ VI M | AX8: =CONCATENATE("L.",AN8) -> L.Đ.V.HÓA KHOATHÂN | AY8: =CONCATENATE("L.",AO8) -> L.Đ.V.HÓA KHOA-Đ | AZ8: TỴ | BA8: =IF(AZ8=$BA$1,$BB$1,BA7+1) -> #REF! | BC8: =BD8+120 -> #REF! | BD8: =BG8 -> #REF! | BE8: TỴ | BF8: 50 | BG8: =VLOOKUP(BE8,$M$3:$O$14,3,0) -> #REF! | BH8: 70 | BX8: NGỌ | BY8: THÌN | BZ8: =IF(CA8=$CB$1,$CC$1,BZ7+1) -> 3 | CA8: TỴ | CD8: =IF(CE8=$CD$1,$CE$1,CD7+1) -> 6 | CE8: NGỌ | CF8: TỴ | CG8: =IF(CF8=$CF$1,$CG$1,CG7+1) -> 2 | CJ8: THÌN.......LIÊM | CL8: TỴ | CM8: VŨ KHÚC | CP8: TỴ | CQ8: THIÊN CƠ | CY8: =IF(CZ8=$CZ$1,$DA$1,CY7+1) -> 7 | CZ8: TỴ | DC8: NGỌ | DD8: =IF(DC8=$DD$1,$DE$1,DD7+10) -> 10 | DE8: =IF($DC8=$DD$1,$DE$1,DE7-10) -> -10 | DG8: 7 | DH8: NGỌ | DJ8: =CONCATENATE(DK8,DL8) -> TÝNGỌ | DK8: TÝ | DL8: NGỌ | DM8: NGỌ | DO8: CÔ THẦN | DR8: 6 | DS8: CUNG QUAN LỘC | DT8: 6
A9: TÝ-7 | B9: CUNG MỆNH | C9: THÂN | E9: =IF(LEFT($Z$1,FIND(" ",$Z$1)-1)=LEFT($P9,FIND(" ",$P9)-1),"LAI NHÂN CUNG","") | F9: =O9+120 -> #REF! | G9: =G8+10 -> #REF! | H9: =CONCATENATE(IF(LEN(IFERROR(VLOOKUP(N9,'TẠO LÁ SỐ'!$K$40:$M$40,3,0),""))=VALUE(8),CONCATENATE(IFERROR(VLOOKUP(N9,'TẠO LÁ SỐ'!$K$40:$M$40,3,0),""),M9),0),$J$2) -> 0DẬU | J9: AN CÁC CUNG DỰA VÀO GIỜ SINH VÀ THÁNG SINH | K9: =MATCH($I$1,OFFSET('AN CÁC SAO CHÍNH TINH'!$A$1,'AN CÁC SAO CHÍNH TINH'!K8,0,1000000),0)+'AN CÁC SAO CHÍNH TINH'!K8 -> 969 | L9: {=INDEX($B:$B,K9)} -> CUNG THIÊN DI | M9: {=INDEX($C:$C,K9)} -> NGỌ | N9: =L9 -> CUNG THIÊN DI | O9: =IF(OR('TẠO LÁ SỐ'!$L$38="DƯƠNG NAM",'TẠO LÁ SỐ'!$L$38="ÂM NỮ"),VLOOKUP('AN CÁC SAO CHÍNH TINH'!$N9,#REF!,2,0),VLOOKUP('AN CÁC SAO CHÍNH TINH'!$N9,#REF!,3,0)) -> #REF! | P9: =VLOOKUP(M9,$AB$20:$AC$34,2,0) -> Mậu Ngọ | Q9: =M9 -> NGỌ | R9: =O9 -> #REF! | S9: =VLOOKUP(R9,$O$3:$Q$14,3,0) -> #REF! | U9: DƯƠNG NAMTHỦY 2 CỤC | V9: BỆNH | W9: DẦN | Z9: AN SAO VÒNG TRƯỜNG SINH | AA9: =MATCH($Z$2,OFFSET($U$1,'AN CÁC SAO CHÍNH TINH'!AA8,0,1000000),0)+'AN CÁC SAO CHÍNH TINH'!AA8 -> 165 | AB9: {=INDEX($W:$W,AA9)} -> HỢI | AC9: {=INDEX($V:$V,AA9)} -> BỆNH | AD9: =VLOOKUP(AB9,$M$3:$N$14,2,0) -> CUNG HUYNH ĐỆ | AH9: 16 | AI9: THÁI DƯƠNG - HÀNH HỎA | AJ9: KẾ ĐÔ - HÀNH THỔ | AN9: Đ.V.HÓA KHOAHỢI | AO9: Đ.V.HÓA KHOA-Đ | AR9: =CONCATENATE(AS9,AU9) -> TỬ VINGỌ | AS9: TỬ VI | AT9: M | AU9: NGỌ | AV9: =CONCATENATE(AS9," ",AT9) -> TỬ VI M | AX9: =CONCATENATE("L.",AN9) -> L.Đ.V.HÓA KHOAHỢI | AY9: =CONCATENATE("L.",AO9) -> L.Đ.V.HÓA KHOA-Đ | AZ9: NGỌ | BA9: =IF(AZ9=$BA$1,$BB$1,BA8+1) -> #REF! | BC9: =BD9+120 -> #REF! | BD9: =BG9 -> #REF! | BE9: NGỌ | BF9: 60 | BG9: =VLOOKUP(BE9,$M$3:$O$14,3,0) -> #REF! | BH9: 60 | BX9: MÙI | BY9: TỴ | BZ9: =IF(CA9=$CB$1,$CC$1,BZ8+1) -> 4 | CA9: THÌN | CD9: =IF(CE9=$CD$1,$CE$1,CD8+1) -> 7 | CE9: MÙI | CF9: THÌN | CG9: =IF(CF9=$CF$1,$CG$1,CG8+1) -> 3 | CJ9: TỴ.........VŨ | CL9: NGỌ | CM9: PHÁ QUÂN | CP9: NGỌ | CQ9: HỎA TINH | CY9: =IF(CZ9=$CZ$1,$DA$1,CY8+1) -> 8 | CZ9: THÌN | DC9: MÙI | DD9: =IF(DC9=$DD$1,$DE$1,DD8+10) -> 20 | DE9: =IF($DC9=$DD$1,$DE$1,DE8-10) -> -20 | DG9: 8 | DH9: MÙI | DJ9: =CONCATENATE(DK9,DL9) -> TÝMÙI | DK9: TÝ | DL9: MÙI | DM9: MÙI | DO9: CỰ MÔN | DR9: 7 | DS9: CUNG NÔ BỘC | DT9: 7
A10: TÝ-8 | B10: CUNG MỆNH | C10: DẬU | E10: =IF(LEFT($Z$1,FIND(" ",$Z$1)-1)=LEFT($P10,FIND(" ",$P10)-1),"LAI NHÂN CUNG","") | F10: =O10+120 -> #REF! | G10: =G9+10 -> #REF! | H10: =CONCATENATE(IF(LEN(IFERROR(VLOOKUP(N10,'TẠO LÁ SỐ'!$K$40:$M$40,3,0),""))=VALUE(8),CONCATENATE(IFERROR(VLOOKUP(N10,'TẠO LÁ SỐ'!$K$40:$M$40,3,0),""),M10),0),$J$2) -> 0DẬU | J10: AN CÁC CUNG DỰA VÀO GIỜ SINH VÀ THÁNG SINH | K10: =MATCH($I$1,OFFSET('AN CÁC SAO CHÍNH TINH'!$A$1,'AN CÁC SAO CHÍNH TINH'!K9,0,1000000),0)+'AN CÁC SAO CHÍNH TINH'!K9 -> 1113 | L10: {=INDEX($B:$B,K10)} -> CUNG TẬT ÁCH | M10: {=INDEX($C:$C,K10)} -> MÙI | N10: =L10 -> CUNG TẬT ÁCH | O10: =IF(OR('TẠO LÁ SỐ'!$L$38="DƯƠNG NAM",'TẠO LÁ SỐ'!$L$38="ÂM NỮ"),VLOOKUP('AN CÁC SAO CHÍNH TINH'!$N10,#REF!,2,0),VLOOKUP('AN CÁC SAO CHÍNH TINH'!$N10,#REF!,3,0)) -> #REF! | P10: =VLOOKUP(M10,$AB$20:$AC$34,2,0) -> Kỷ Mùi | Q10: =M10 -> MÙI | R10: =O8 -> #REF! | S10: =VLOOKUP(R10,$O$3:$Q$14,3,0) -> #REF! | U10: DƯƠNG NAMTHỦY 2 CỤC | V10: SUY | W10: SỬU | Z10: AN SAO VÒNG TRƯỜNG SINH | AA10: =MATCH($Z$2,OFFSET($U$1,'AN CÁC SAO CHÍNH TINH'!AA9,0,1000000),0)+'AN CÁC SAO CHÍNH TINH'!AA9 -> 166 | AB10: {=INDEX($W:$W,AA10)} -> TUẤT | AC10: {=INDEX($V:$V,AA10)} -> SUY | AD10: =VLOOKUP(AB10,$M$3:$N$14,2,0) -> CUNG PHU/THÊ | AH10: 17 | AI10: THÁI BẠCH - HÀNH KIM | AJ10: THÁI ÂM- HÀNH THỦY | AN10: Đ.V.HÓA LỘCTHÌN | AO10: Đ.V.HÓA LỘC-V | AR10: =CONCATENATE(AS10,AU10) -> TỬ VIMÙI | AS10: TỬ VI | AT10: Đ | AU10: MÙI | AV10: =CONCATENATE(AS10," ",AT10) -> TỬ VI Đ | AX10: =CONCATENATE("L.",AN10) -> L.Đ.V.HÓA LỘCTHÌN | AY10: =CONCATENATE("L.",AO10) -> L.Đ.V.HÓA LỘC-V | AZ10: MÙI | BA10: =IF(AZ10=$BA$1,$BB$1,BA9+1) -> #REF! | BC10: =BD10+120 -> #REF! | BD10: =BG10 -> #REF! | BE10: MÙI | BF10: 70 | BG10: =VLOOKUP(BE10,$M$3:$O$14,3,0) -> #REF! | BH10: 50 | BX10: THÂN | BY10: NGỌ | BZ10: =IF(CA10=$CB$1,$CC$1,BZ9+1) -> 5 | CA10: MÃO | CD10: =IF(CE10=$CD$1,$CE$1,CD9+1) -> 8 | CE10: THÂN | CF10: MÃO | CG10: =IF(CF10=$CF$1,$CG$1,CG9+1) -> 4 | CJ10: NGỌ........PHÁ | CL10: MÙI | CM10: VŨ KHÚC | CP10: MÙI | CQ10: THIÊN TƯỚNG | CY10: =IF(CZ10=$CZ$1,$DA$1,CY9+1) -> 9 | CZ10: MÃO | DC10: THÂN | DD10: =IF(DC10=$DD$1,$DE$1,DD9+10) -> 30 | DE10: =IF($DC10=$DD$1,$DE$1,DE9-10) -> -30 | DG10: 9 | DH10: THÂN | DJ10: =CONCATENATE(DK10,DL10) -> TÝTHÂN | DK10: TÝ | DL10: THÂN | DM10: THÂN | DO10: ĐÀ LA | DR10: 8 | DS10: CUNG THIÊN DI | DT10: 8
A11: TÝ-9 | B11: CUNG MỆNH | C11: TUẤT | E11: =IF(LEFT($Z$1,FIND(" ",$Z$1)-1)=LEFT($P11,FIND(" ",$P11)-1),"LAI NHÂN CUNG","") | F11: =O11+120 -> #REF! | G11: =G10+10 -> #REF! | H11: =CONCATENATE(IF(LEN(IFERROR(VLOOKUP(N11,'TẠO LÁ SỐ'!$K$40:$M$40,3,0),""))=VALUE(8),CONCATENATE(IFERROR(VLOOKUP(N11,'TẠO LÁ SỐ'!$K$40:$M$40,3,0),""),M11),0),$J$2) -> 0DẬU | J11: AN CÁC CUNG DỰA VÀO GIỜ SINH VÀ THÁNG SINH | K11: =MATCH($I$1,OFFSET('AN CÁC SAO CHÍNH TINH'!$A$1,'AN CÁC SAO CHÍNH TINH'!K10,0,1000000),0)+'AN CÁC SAO CHÍNH TINH'!K10 -> 1257 | L11: {=INDEX($B:$B,K11)} -> CUNG TÀI BẠCH | M11: {=INDEX($C:$C,K11)} -> THÂN | N11: =L11 -> CUNG TÀI BẠCH | O11: =IF(OR('TẠO LÁ SỐ'!$L$38="DƯƠNG NAM",'TẠO LÁ SỐ'!$L$38="ÂM NỮ"),VLOOKUP('AN CÁC SAO CHÍNH TINH'!$N11,#REF!,2,0),VLOOKUP('AN CÁC SAO CHÍNH TINH'!$N11,#REF!,3,0)) -> #REF! | P11: =VLOOKUP(M11,$AB$20:$AC$34,2,0) -> Canh Thân | Q11: =M11 -> THÂN | R11: =O7 -> #REF! | S11: =VLOOKUP(R11,$O$3:$Q$14,3,0) -> #REF! | U11: DƯƠNG NAMTHỦY 2 CỤC | V11: ĐẾ VƯỢNG | W11: TÝ | Z11: AN SAO VÒNG TRƯỜNG SINH | AA11: =MATCH($Z$2,OFFSET($U$1,'AN CÁC SAO CHÍNH TINH'!AA10,0,1000000),0)+'AN CÁC SAO CHÍNH TINH'!AA10 -> 167 | AB11: {=INDEX($W:$W,AA11)} -> DẬU | AC11: {=INDEX($V:$V,AA11)} -> ĐẾ VƯỢNG | AD11: =VLOOKUP(AB11,$M$3:$N$14,2,0) -> CUNG TỬ TỨC | AH11: 18 | AI11: THỦY DIỆU - HÀNH THỦY | AJ11: MỘC ĐỨC- HÀNH MỘC | AN11: Đ.V.HÓA LỘCTUẤT | AO11: Đ.V.HÓA LỘC-V | AR11: =CONCATENATE(AS11,AU11) -> TỬ VITHÂN | AS11: TỬ VI | AT11: M | AU11: THÂN | AV11: =CONCATENATE(AS11," ",AT11) -> TỬ VI M | AX11: =CONCATENATE("L.",AN11) -> L.Đ.V.HÓA LỘCTUẤT | AY11: =CONCATENATE("L.",AO11) -> L.Đ.V.HÓA LỘC-V | AZ11: THÂN | BA11: =IF(AZ11=$BA$1,$BB$1,BA10+1) -> #REF! | BC11: =BD11+120 -> #REF! | BD11: =BG11 -> #REF! | BE11: THÂN | BF11: 80 | BG11: =VLOOKUP(BE11,$M$3:$O$14,3,0) -> #REF! | BH11: 40 | BX11: DẬU | BY11: MÙI | BZ11: =IF(CA11=$CB$1,$CC$1,BZ10+1) -> 6 | CA11: DẦN | CD11: =IF(CE11=$CD$1,$CE$1,CD10+1) -> 9 | CE11: DẬU | CF11: DẦN | CG11: =IF(CF11=$CF$1,$CG$1,CG10+1) -> 5 | CJ11: MÙI........VŨ | CL11: THÂN | CM11: LIÊM TRINH | CP11: THÂN | CQ11: THIÊN LƯƠNG | CY11: =IF(CZ11=$CZ$1,$DA$1,CY10+1) -> 10 | CZ11: DẦN | DC11: DẬU | DD11: =IF(DC11=$DD$1,$DE$1,DD10+10) -> 40 | DE11: =IF($DC11=$DD$1,$DE$1,DE10-10) -> -40 | DG11: 10 | DH11: DẬU | DJ11: =CONCATENATE(DK11,DL11) -> TÝDẬU | DK11: TÝ | DL11: DẬU | DM11: DẬU | DO11: ĐẠI HAO | DR11: 9 | DS11: CUNG TỬ TỨC | DT11: 9
A12: TÝ-10 | B12: CUNG MỆNH | C12: HỢI | E12: =IF(LEFT($Z$1,FIND(" ",$Z$1)-1)=LEFT($P12,FIND(" ",$P12)-1),"LAI NHÂN CUNG","") | F12: =O12+120 -> #REF! | G12: =G11+10 -> #REF! | H12: =CONCATENATE(IF(LEN(IFERROR(VLOOKUP(N12,'TẠO LÁ SỐ'!$K$40:$M$40,3,0),""))=VALUE(8),CONCATENATE(IFERROR(VLOOKUP(N12,'TẠO LÁ SỐ'!$K$40:$M$40,3,0),""),M12),0),$J$2) -> 0DẬU | J12: AN CÁC CUNG DỰA VÀO GIỜ SINH VÀ THÁNG SINH | K12: =MATCH($I$1,OFFSET('AN CÁC SAO CHÍNH TINH'!$A$1,'AN CÁC SAO CHÍNH TINH'!K11,0,1000000),0)+'AN CÁC SAO CHÍNH TINH'!K11 -> 1401 | L12: {=INDEX($B:$B,K12)} -> CUNG TỬ TỨC | M12: {=INDEX($C:$C,K12)} -> DẬU | N12: =L12 -> CUNG TỬ TỨC | O12: =IF(OR('TẠO LÁ SỐ'!$L$38="DƯƠNG NAM",'TẠO LÁ SỐ'!$L$38="ÂM NỮ"),VLOOKUP('AN CÁC SAO CHÍNH TINH'!$N12,#REF!,2,0),VLOOKUP('AN CÁC SAO CHÍNH TINH'!$N12,#REF!,3,0)) -> #REF! | P12: =VLOOKUP(M12,$AB$20:$AC$34,2,0) -> Tân Dậu | Q12: =M12 -> DẬU | R12: =O6 -> #REF! | S12: =VLOOKUP(R12,$O$3:$Q$14,3,0) -> #REF! | U12: DƯƠNG NAMTHỦY 2 CỤC | V12: LÂM QUAN | W12: HỢI | Z12: AN SAO VÒNG TRƯỜNG SINH | AA12: =MATCH($Z$2,OFFSET($U$1,'AN CÁC SAO CHÍNH TINH'!AA11,0,1000000),0)+'AN CÁC SAO CHÍNH TINH'!AA11 -> 168 | AB12: {=INDEX($W:$W,AA12)} -> THÂN | AC12: {=INDEX($V:$V,AA12)} -> LÂM QUAN | AD12: =VLOOKUP(AB12,$M$3:$N$14,2,0) -> CUNG TÀI BẠCH | AH12: 19 | AI12: KẾ ĐÔ - HÀNH THỔ | AJ12: LA HẦU - HÀNH KIM | AN12: Đ.V.HÓA LỘCSỬU | AO12: Đ.V.HÓA LỘC-V | AR12: =CONCATENATE(AS12,AU12) -> TỬ VIDẬU | AS12: TỬ VI | AT12: B | AU12: DẬU | AV12: =CONCATENATE(AS12," ",AT12) -> TỬ VI B | AX12: =CONCATENATE("L.",AN12) -> L.Đ.V.HÓA LỘCSỬU | AY12: =CONCATENATE("L.",AO12) -> L.Đ.V.HÓA LỘC-V | AZ12: DẬU | BA12: =IF(AZ12=$BA$1,$BB$1,BA11+1) -> #REF! | BC12: =BD12+120 -> #REF! | BD12: =BG12 -> #REF! | BE12: DẬU | BF12: 90 | BG12: =VLOOKUP(BE12,$M$3:$O$14,3,0) -> #REF! | BH12: 30 | BX12: TUẤT | BY12: THÂN | BZ12: =IF(CA12=$CB$1,$CC$1,BZ11+1) -> 7 | CA12: SỬU | CD12: =IF(CE12=$CD$1,$CE$1,CD11+1) -> 10 | CE12: TUẤT | CF12: SỬU | CG12: =IF(CF12=$CF$1,$CG$1,CG11+1) -> 6 | CJ12: THÂN.......LIÊM | CL12: DẬU | CM12: VĂN KHÚC | CP12: DẬU | CQ12: THIÊN ĐỒNG | CY12: =IF(CZ12=$CZ$1,$DA$1,CY11+1) -> 11 | CZ12: SỬU | DC12: TUẤT | DD12: =IF(DC12=$DD$1,$DE$1,DD11+10) -> 50 | DE12: =IF($DC12=$DD$1,$DE$1,DE11-10) -> -50 | DG12: 11 | DH12: TUẤT | DJ12: =CONCATENATE(DK12,DL12) -> TÝTUẤT | DK12: TÝ | DL12: TUẤT | DM12: TUẤT | DO12: ĐÀO HOA | DR12: 10 | DS12: CUNG HUYNH ĐỆ | DT12: 10
A13: TÝ-11 | B13: CUNG MỆNH | C13: TÝ | E13: =IF(LEFT($Z$1,FIND(" ",$Z$1)-1)=LEFT($P13,FIND(" ",$P13)-1),"LAI NHÂN CUNG","") | F13: =O13+120 -> #REF! | G13: =G12+10 -> #REF! | H13: =CONCATENATE(IF(LEN(IFERROR(VLOOKUP(N13,'TẠO LÁ SỐ'!$K$40:$M$40,3,0),""))=VALUE(8),CONCATENATE(IFERROR(VLOOKUP(N13,'TẠO LÁ SỐ'!$K$40:$M$40,3,0),""),M13),0),$J$2) -> 0DẬU | J13: AN CÁC CUNG DỰA VÀO GIỜ SINH VÀ THÁNG SINH | K13: =MATCH($I$1,OFFSET('AN CÁC SAO CHÍNH TINH'!$A$1,'AN CÁC SAO CHÍNH TINH'!K12,0,1000000),0)+'AN CÁC SAO CHÍNH TINH'!K12 -> 1545 | L13: {=INDEX($B:$B,K13)} -> CUNG PHU/THÊ | M13: {=INDEX($C:$C,K13)} -> TUẤT | N13: =L13 -> CUNG PHU/THÊ | O13: =IF(OR('TẠO LÁ SỐ'!$L$38="DƯƠNG NAM",'TẠO LÁ SỐ'!$L$38="ÂM NỮ"),VLOOKUP('AN CÁC SAO CHÍNH TINH'!$N13,#REF!,2,0),VLOOKUP('AN CÁC SAO CHÍNH TINH'!$N13,#REF!,3,0)) -> #REF! | P13: =VLOOKUP(M13,$AB$20:$AC$34,2,0) -> Nhâm Tuất | Q13: =M13 -> TUẤT | R13: =O5 -> #REF! | S13: =VLOOKUP(R13,$O$3:$Q$14,3,0) -> #REF! | U13: DƯƠNG NAMTHỦY 2 CỤC | V13: QUAN ĐỚI | W13: TUẤT | Z13: AN SAO VÒNG TRƯỜNG SINH | AA13: =MATCH($Z$2,OFFSET($U$1,'AN CÁC SAO CHÍNH TINH'!AA12,0,1000000),0)+'AN CÁC SAO CHÍNH TINH'!AA12 -> 169 | AB13: {=INDEX($W:$W,AA13)} -> MÙI | AC13: {=INDEX($V:$V,AA13)} -> QUAN ĐỚI | AD13: =VLOOKUP(AB13,$M$3:$N$14,2,0) -> CUNG TẬT ÁCH | AH13: 20 | AI13: VÂN HỚN - HÀNH HỎA | AJ13: THỔ TÚ - HÀNH THỔ | AN13: Đ.V.HÓA LỘCMÙI | AO13: Đ.V.HÓA LỘC-V | AR13: =CONCATENATE(AS13,AU13) -> TỬ VITUẤT | AS13: TỬ VI | AT13: V | AU13: TUẤT | AV13: =CONCATENATE(AS13," ",AT13) -> TỬ VI V | AX13: =CONCATENATE("L.",AN13) -> L.Đ.V.HÓA LỘCMÙI | AY13: =CONCATENATE("L.",AO13) -> L.Đ.V.HÓA LỘC-V | AZ13: TUẤT | BA13: =IF(AZ13=$BA$1,$BB$1,BA12+1) -> #REF! | BC13: =BD13+120 -> #REF! | BD13: =BG13 -> #REF! | BE13: TUẤT | BF13: 100 | BG13: =VLOOKUP(BE13,$M$3:$O$14,3,0) -> #REF! | BH13: 20 | BX13: HỢI | BY13: DẬU | BZ13: =IF(CA13=$CB$1,$CC$1,BZ12+1) -> 8 | CA13: TÝ | CD13: =IF(CE13=$CD$1,$CE$1,CD12+1) -> 11 | CE13: HỢI | CF13: TÝ | CG13: =IF(CF13=$CF$1,$CG$1,CG12+1) -> 7 | CJ13: DẬU........VĂN KHÚC | CL13: TUẤT | CM13: LỘC TỒN | CP13: TUẤT | CQ13: VĂN XƯƠNG | CY13: =IF(CZ13=$CZ$1,$DA$1,CY12+1) -> 12 | CZ13: TÝ | DC13: HỢI | DD13: =IF(DC13=$DD$1,$DE$1,DD12+10) -> 60 | DE13: =IF($DC13=$DD$1,$DE$1,DE12-10) -> -60 | DG13: 12 | DH13: HỢI | DJ13: =CONCATENATE(DK13,DL13) -> TÝHỢI | DK13: TÝ | DL13: HỢI | DM13: HỢI | DO13: ĐẨU QUÂN | DR13: 11 | DS13: CUNG PHỤ MẪU | DT13: 11
A14: TÝ-12 | B14: CUNG MỆNH | C14: SỬU | E14: =IF(LEFT($Z$1,FIND(" ",$Z$1)-1)=LEFT($P14,FIND(" ",$P14)-1),"LAI NHÂN CUNG","") -> LAI NHÂN CUNG | F14: =O14+120 -> #REF! | G14: =G13+10 -> #REF! | H14: =CONCATENATE(IF(LEN(IFERROR(VLOOKUP(N14,'TẠO LÁ SỐ'!$K$40:$M$40,3,0),""))=VALUE(8),CONCATENATE(IFERROR(VLOOKUP(N14,'TẠO LÁ SỐ'!$K$40:$M$40,3,0),""),M14),0),$J$2) -> 0DẬU | J14: AN CÁC CUNG DỰA VÀO GIỜ SINH VÀ THÁNG SINH | K14: =MATCH($I$1,OFFSET('AN CÁC SAO CHÍNH TINH'!$A$1,'AN CÁC SAO CHÍNH TINH'!K13,0,1000000),0)+'AN CÁC SAO CHÍNH TINH'!K13 -> 1689 | L14: {=INDEX($B:$B,K14)} -> CUNG HUYNH ĐỆ | M14: {=INDEX($C:$C,K14)} -> HỢI | N14: =L14 -> CUNG HUYNH ĐỆ | O14: =IF(OR('TẠO LÁ SỐ'!$L$38="DƯƠNG NAM",'TẠO LÁ SỐ'!$L$38="ÂM NỮ"),VLOOKUP('AN CÁC SAO CHÍNH TINH'!$N14,#REF!,2,0),VLOOKUP('AN CÁC SAO CHÍNH TINH'!$N14,#REF!,3,0)) -> #REF! | P14: =VLOOKUP(M14,$AB$20:$AC$34,2,0) -> Quý Hợi | Q14: =M14 -> HỢI | R14: =O4 -> #REF! | S14: =VLOOKUP(R14,$O$3:$Q$14,3,0) -> #REF! | U14: DƯƠNG NAMTHỦY 2 CỤC | V14: MỘC DỤC | W14: DẬU | Z14: AN SAO VÒNG TRƯỜNG SINH | AA14: =MATCH($Z$2,OFFSET($U$1,'AN CÁC SAO CHÍNH TINH'!AA13,0,1000000),0)+'AN CÁC SAO CHÍNH TINH'!AA13 -> 170 | AB14: {=INDEX($W:$W,AA14)} -> NGỌ | AC14: {=INDEX($V:$V,AA14)} -> MỘC DỤC | AD14: =VLOOKUP(AB14,$M$3:$N$14,2,0) -> CUNG THIÊN DI | AH14: 21 | AI14: MỘC ĐỨC- HÀNH MỘC | AJ14: THỦY DIỆU - HÀNH THỦY | AN14: Đ.V.HÓA LỘCDẦN | AO14: Đ.V.HÓA LỘC-V | AR14: =CONCATENATE(AS14,AU14) -> TỬ VIHỢI | AS14: TỬ VI | AT14: B | AU14: HỢI | AV14: =CONCATENATE(AS14," ",AT14) -> TỬ VI B | AX14: =CONCATENATE("L.",AN14) -> L.Đ.V.HÓA LỘCDẦN | AY14: =CONCATENATE("L.",AO14) -> L.Đ.V.HÓA LỘC-V | AZ14: HỢI | BA14: =IF(AZ14=$BA$1,$BB$1,BA13+1) -> #REF! | BC14: =BD14+120 -> #REF! | BD14: =BG14 -> #REF! | BE14: HỢI | BF14: 110 | BG14: =VLOOKUP(BE14,$M$3:$O$14,3,0) -> #REF! | BH14: 10 | CJ14: TUẤT.......LỘC TỒN | CL14: HỢI | CM14: CỰ MÔN | CP14: HỢI | CQ14: THIÊN CƠ | DJ14: =CONCATENATE(DK14,DL14) -> SỬUTÝ | DK14: SỬU | DL14: TÝ | DM14: SỬU | DO14: ĐỊA GIẢI | DR14: 12 | DS14: CUNG ĐIỀN TRẠCH | DT14: 12
A15: SỬU-1 | B15: CUNG MỆNH | C15: SỬU | U15: DƯƠNG NAMTHỔ 5 CỤC | V15: TRƯỜNG SINH | W15: THÂN | Z15: AN SAO VÒNG TRƯỜNG SINH | AA15: =MATCH($Z$2,OFFSET($U$1,'AN CÁC SAO CHÍNH TINH'!AA14,0,1000000),0)+'AN CÁC SAO CHÍNH TINH'!AA14 -> #N/A | AB15: {=INDEX($W:$W,AA15)} -> #N/A | AC15: {=INDEX($V:$V,AA15)} -> #N/A | AH15: 22 | AI15: THÁI ÂM- HÀNH THỦY | AJ15: THÁI BẠCH - HÀNH KIM | AN15: Đ.V.HÓA LỘCMÃO | AO15: Đ.V.HÓA LỘC-V | AR15: =CONCATENATE(AS15,AU15) -> LIÊM TRINHTHÌN | AS15: LIÊM TRINH | AT15: M | AU15: THÌN | AV15: =CONCATENATE(AS15," ",AT15) -> LIÊM TRINH M | AX15: =CONCATENATE("L.",AN15) -> L.Đ.V.HÓA LỘCMÃO | AY15: =CONCATENATE("L.",AO15) -> L.Đ.V.HÓA LỘC-V | CJ15: HỢI........CỰ | DJ15: =CONCATENATE(DK15,DL15) -> SỬUSỬU | DK15: SỬU | DL15: SỬU | DM15: DẦN | DO15: ĐỊA KHÔNG
A16: SỬU-2 | B16: CUNG MỆNH | C16: DẦN | I16: =IF(LEFT(RIGHT(L16,2))="-",LEFT(L16,LEN(L16)-LEN(RIGHT(L16,2))),L16) -> TỬ VI | J16: =CONCATENATE(L16,"-",M16) -> TỬ VI-TỴ | K16: =MATCH($F$2,OFFSET('AN CÁC SAO CHÍNH TINH'!$A$1,'AN CÁC SAO CHÍNH TINH'!K15,0,1000000),0)+'AN CÁC SAO CHÍNH TINH'!K15 -> 3236 | L16: {=INDEX($B:$B,K16)} -> TỬ VI | M16: {=INDEX($C:$C,K16)} -> TỴ | N16: =VLOOKUP(M16,$M$3:$N$14,2,0) -> CUNG NÔ BỘC | O16: CHÍNH TINH | U16: DƯƠNG NAMTHỔ 5 CỤC | V16: DƯỠNG | W16: MÙI | Z16: AN SAO VÒNG TRƯỜNG SINH | AA16: =MATCH($Z$2,OFFSET($U$1,'AN CÁC SAO CHÍNH TINH'!AA15,0,1000000),0)+'AN CÁC SAO CHÍNH TINH'!AA15 -> #N/A | AB16: {=INDEX($W:$W,AA16)} -> #N/A | AC16: {=INDEX($V:$V,AA16)} -> #N/A | AH16: 23 | AI16: THỔ TÚ - HÀNH THỔ | AJ16: THÁI DƯƠNG - HÀNH HỎA | AN16: Đ.V.HÓA KỴTHÌN | AO16: Đ.V.HÓA KỴ-Đ | AR16: =CONCATENATE(AS16,AU16) -> LIÊM TRINHTUẤT | AS16: LIÊM TRINH | AT16: M | AU16: TUẤT | AV16: =CONCATENATE(AS16," ",AT16) -> LIÊM TRINH M | AX16: =CONCATENATE("L.",AN16) -> L.Đ.V.HÓA KỴTHÌN | AY16: =CONCATENATE("L.",AO16) -> L.Đ.V.HÓA KỴ-Đ | AZ16: tháng | BA16: 1 | BB16: 0 | BC16: 0 | DJ16: =CONCATENATE(DK16,DL16) -> SỬUDẦN | DK16: SỬU | DL16: DẦN | DM16: MÃO | DO16: ĐỊA KIẾP
A17: SỬU-3 | B17: CUNG MỆNH | C17: MÃO | K17: =MATCH($F$2,OFFSET('AN CÁC SAO CHÍNH TINH'!$A$1,'AN CÁC SAO CHÍNH TINH'!K16,0,1000000),0)+'AN CÁC SAO CHÍNH TINH'!K16 -> #N/A | L17: {=INDEX($B:$B,K17)} -> #N/A | M17: {=INDEX($C:$C,K17)} -> #N/A | N17: =VLOOKUP(M17,$M$3:$N$14,2,0) -> #N/A | U17: DƯƠNG NAMTHỔ 5 CỤC | V17: THAI | W17: NGỌ | Z17: AN SAO VÒNG TRƯỜNG SINH | AA17: =MATCH($Z$2,OFFSET($U$1,'AN CÁC SAO CHÍNH TINH'!AA16,0,1000000),0)+'AN CÁC SAO CHÍNH TINH'!AA16 -> #N/A | AB17: {=INDEX($W:$W,AA17)} -> #N/A | AC17: {=INDEX($V:$V,AA17)} -> #N/A | AH17: 24 | AI17: LA HẦU - HÀNH KIM | AJ17: VÂN HỚN - HÀNH HỎA | AN17: Đ.V.HÓA KỴTUẤT | AO17: Đ.V.HÓA KỴ-Đ | AR17: =CONCATENATE(AS17,AU17) -> LIÊM TRINHTÝ | AS17: LIÊM TRINH | AT17: V | AU17: TÝ | AV17: =CONCATENATE(AS17," ",AT17) -> LIÊM TRINH V | AX17: =CONCATENATE("L.",AN17) -> L.Đ.V.HÓA KỴTUẤT | AY17: =CONCATENATE("L.",AO17) -> L.Đ.V.HÓA KỴ-Đ | BA17: 2 | BB17: 10 | BC17: 110 | DJ17: =CONCATENATE(DK17,DL17) -> SỬUMÃO | DK17: SỬU | DL17: MÃO | DM17: THÌN | DO17: ĐIẾU KHÁCH
A18: SỬU-4 | B18: CUNG MỆNH | C18: THÌN | N18: =VLOOKUP(M18,$M$3:$N$14,2,0) -> #N/A | U18: DƯƠNG NAMTHỔ 5 CỤC | V18: TUYỆT | W18: TỴ | AH18: 25 | AI18: THÁI DƯƠNG - HÀNH HỎA | AJ18: KẾ ĐÔ - HÀNH THỔ | AN18: Đ.V.HÓA KỴSỬU | AO18: Đ.V.HÓA KỴ-Đ | AR18: =CONCATENATE(AS18,AU18) -> LIÊM TRINHNGỌ | AS18: LIÊM TRINH | AT18: V | AU18: NGỌ | AV18: =CONCATENATE(AS18," ",AT18) -> LIÊM TRINH V | AX18: =CONCATENATE("L.",AN18) -> L.Đ.V.HÓA KỴSỬU | AY18: =CONCATENATE("L.",AO18) -> L.Đ.V.HÓA KỴ-Đ | BA18: 3 | BB18: 20 | BC18: 100 | DJ18: =CONCATENATE(DK18,DL18) -> SỬUTHÌN | DK18: SỬU | DL18: THÌN | DM18: TỴ | DO18: ĐƯỜNG PHÙ
A19: SỬU-5 | B19: CUNG MỆNH | C19: TỴ | N19: =VLOOKUP(M19,$M$3:$N$14,2,0) -> #N/A | U19: DƯƠNG NAMTHỔ 5 CỤC | V19: MỘ | W19: THÌN | AH19: 26 | AI19: THÁI BẠCH - HÀNH KIM | AJ19: THÁI ÂM- HÀNH THỦY | AN19: Đ.V.HÓA KỴMÙI | AO19: Đ.V.HÓA KỴ-Đ | AR19: =CONCATENATE(AS19,AU19) -> LIÊM TRINHDẦN | AS19: LIÊM TRINH | AT19: V | AU19: DẦN | AV19: =CONCATENATE(AS19," ",AT19) -> LIÊM TRINH V | AX19: =CONCATENATE("L.",AN19) -> L.Đ.V.HÓA KỴMÙI | AY19: =CONCATENATE("L.",AO19) -> L.Đ.V.HÓA KỴ-Đ | BA19: 4 | BB19: 30 | BC19: 90 | DJ19: =CONCATENATE(DK19,DL19) -> SỬUTỴ | DK19: SỬU | DL19: TỴ | DM19: NGỌ | DO19: GIẢI THẦN
A20: SỬU-6 | B20: CUNG MỆNH | C20: NGỌ | I20: =IF(LEFT(RIGHT(L20,2))="-",LEFT(L20,LEN(L20)-LEN(RIGHT(L20,2))),L20) -> LIÊM TRINH | J20: AN CHÍNH TINH DỰA VÀO SAO TỬ VI | K20: =MATCH($J$16,OFFSET('AN CÁC SAO CHÍNH TINH'!$A$1,'AN CÁC SAO CHÍNH TINH'!K19,0,1000000),0)+'AN CÁC SAO CHÍNH TINH'!K19 -> 3326 | L20: {=INDEX($B:$B,K20)} -> LIÊM TRINH | M20: {=INDEX($C:$C,K20)} -> Dậu | N20: =VLOOKUP(M20,$M$3:$N$14,2,0) -> CUNG TỬ TỨC | O20: CHÍNH TINH | U20: DƯƠNG NAMTHỔ 5 CỤC | V20: TỬ | W20: MÃO | Z20: AN TÊN CÁC CUNG AN TRONG NĂM SINH | AA20: =MATCH($Z$1,OFFSET($U$1,'AN CÁC SAO CHÍNH TINH'!AA19,0,1000000),0)+'AN CÁC SAO CHÍNH TINH'!AA19 -> 387 | AB20: {=INDEX($W:$W,AA20)} -> DẦN | AC20: {=INDEX($V:$V,AA20)} -> Giáp Dần | AH20: 27 | AI20: THỦY DIỆU - HÀNH THỦY | AJ20: MỘC ĐỨC- HÀNH MỘC | AN20: L.HÓA QUYỀNTHÌN | AO20: L.HÓA QUYỀN-V | AR20: =CONCATENATE(AS20,AU20) -> LIÊM TRINHTHÂN | AS20: LIÊM TRINH | AT20: V | AU20: THÂN | AV20: =CONCATENATE(AS20," ",AT20) -> LIÊM TRINH V | AX20: =CONCATENATE("L.",AN20) -> L.L.HÓA QUYỀNTHÌN | AY20: =CONCATENATE("L.",AO20) -> L.L.HÓA QUYỀN-V | BA20: 5 | BB20: 40 | BC20: 80 | DJ20: =CONCATENATE(DK20,DL20) -> SỬUNGỌ | DK20: SỬU | DL20: NGỌ | DM20: MÙI | DO20: HOA CÁI
A21: SỬU-7 | B21: CUNG MỆNH | C21: MÙI | I21: =IF(LEFT(RIGHT(L21,2))="-",LEFT(L21,LEN(L21)-LEN(RIGHT(L21,2))),L21) -> THIÊN ĐỒNG | J21: AN CHÍNH TINH DỰA VÀO SAO TỬ VI | K21: =MATCH($J$16,OFFSET('AN CÁC SAO CHÍNH TINH'!$A$1,'AN CÁC SAO CHÍNH TINH'!K20,0,1000000),0)+'AN CÁC SAO CHÍNH TINH'!K20 -> 3338 | L21: {=INDEX($B:$B,K21)} -> THIÊN ĐỒNG | M21: {=INDEX($C:$C,K21)} -> TÝ | N21: =VLOOKUP(M21,$M$3:$N$14,2,0) -> CUNG MỆNH | O21: CHÍNH TINH | U21: DƯƠNG NAMTHỔ 5 CỤC | V21: BỆNH | W21: DẦN | Z21: AN TÊN CÁC CUNG AN TRONG NĂM SINH | AA21: =MATCH($Z$1,OFFSET($U$1,'AN CÁC SAO CHÍNH TINH'!AA20,0,1000000),0)+'AN CÁC SAO CHÍNH TINH'!AA20 -> 388 | AB21: {=INDEX($W:$W,AA21)} -> MÃO | AC21: {=INDEX($V:$V,AA21)} -> Ất Mão | AH21: 28 | AI21: KẾ ĐÔ - HÀNH THỔ | AJ21: LA HẦU - HÀNH KIM | AN21: L.HÓA QUYỀNTUẤT | AO21: L.HÓA QUYỀN-V | AR21: =CONCATENATE(AS21,AU21) -> LIÊM TRINHSỬU | AS21: LIÊM TRINH | AT21: Đ | AU21: SỬU | AV21: =CONCATENATE(AS21," ",AT21) -> LIÊM TRINH Đ | AX21: =CONCATENATE("L.",AN21) -> L.L.HÓA QUYỀNTUẤT | AY21: =CONCATENATE("L.",AO21) -> L.L.HÓA QUYỀN-V | BA21: 6 | BB21: 50 | BC21: 70 | DJ21: =CONCATENATE(DK21,DL21) -> SỬUMÙI | DK21: SỬU | DL21: MÙI | DM21: THÂN | DO21: HÓA KHOA
A22: SỬU-8 | B22: CUNG MỆNH | C22: THÂN | I22: =IF(LEFT(RIGHT(L22,2))="-",LEFT(L22,LEN(L22)-LEN(RIGHT(L22,2))),L22) -> VŨ KHÚC | J22: AN CHÍNH TINH DỰA VÀO SAO TỬ VI | K22: =MATCH($J$16,OFFSET('AN CÁC SAO CHÍNH TINH'!$A$1,'AN CÁC SAO CHÍNH TINH'!K21,0,1000000),0)+'AN CÁC SAO CHÍNH TINH'!K21 -> 3350 | L22: {=INDEX($B:$B,K22)} -> VŨ KHÚC | M22: {=INDEX($C:$C,K22)} -> SỬU | N22: =VLOOKUP(M22,$M$3:$N$14,2,0) -> CUNG PHỤ MẪU | O22: CHÍNH TINH | U22: DƯƠNG NAMTHỔ 5 CỤC | V22: SUY | W22: SỬU | Z22: AN TÊN CÁC CUNG AN TRONG NĂM SINH | AA22: =MATCH($Z$1,OFFSET($U$1,'AN CÁC SAO CHÍNH TINH'!AA21,0,1000000),0)+'AN CÁC SAO CHÍNH TINH'!AA21 -> 389 | AB22: {=INDEX($W:$W,AA22)} -> THÌN | AC22: {=INDEX($V:$V,AA22)} -> Bính Thìn | AH22: 29 | AI22: VÂN HỚN - HÀNH HỎA | AJ22: THỔ TÚ - HÀNH THỔ | AN22: L.HÓA QUYỀNSỬU | AO22: L.HÓA QUYỀN-V | AR22: =CONCATENATE(AS22,AU22) -> LIÊM TRINHMÙI | AS22: LIÊM TRINH | AT22: Đ | AU22: MÙI | AV22: =CONCATENATE(AS22," ",AT22) -> LIÊM TRINH Đ | AX22: =CONCATENATE("L.",AN22) -> L.L.HÓA QUYỀNSỬU | AY22: =CONCATENATE("L.",AO22) -> L.L.HÓA QUYỀN-V | BA22: 7 | BB22: 60 | BC22: 60 | DJ22: =CONCATENATE(DK22,DL22) -> SỬUTHÂN | DK22: SỬU | DL22: THÂN | DM22: DẬU | DO22: HÓA KỴ
A23: SỬU-9 | B23: CUNG MỆNH | C23: DẬU | I23: =IF(LEFT(RIGHT(L23,2))="-",LEFT(L23,LEN(L23)-LEN(RIGHT(L23,2))),L23) -> THÁI DƯƠNG | J23: AN CHÍNH TINH DỰA VÀO SAO TỬ VI | K23: =MATCH($J$16,OFFSET('AN CÁC SAO CHÍNH TINH'!$A$1,'AN CÁC SAO CHÍNH TINH'!K22,0,1000000),0)+'AN CÁC SAO CHÍNH TINH'!K22 -> 3362 | L23: {=INDEX($B:$B,K23)} -> THÁI DƯƠNG | M23: {=INDEX($C:$C,K23)} -> Dần | N23: =VLOOKUP(M23,$M$3:$N$14,2,0) -> CUNG PHÚC ĐỨC | O23: CHÍNH TINH | U23: DƯƠNG NAMTHỔ 5 CỤC | V23: ĐẾ VƯỢNG | W23: TÝ | Z23: AN TÊN CÁC CUNG AN TRONG NĂM SINH | AA23: =MATCH($Z$1,OFFSET($U$1,'AN CÁC SAO CHÍNH TINH'!AA22,0,1000000),0)+'AN CÁC SAO CHÍNH TINH'!AA22 -> 390 | AB23: {=INDEX($W:$W,AA23)} -> TỴ | AC23: {=INDEX($V:$V,AA23)} -> Đinh Tỵ | AH23: 30 | AI23: MỘC ĐỨC- HÀNH MỘC | AJ23: THỦY DIỆU - HÀNH THỦY | AN23: L.HÓA QUYỀNMÙI | AO23: L.HÓA QUYỀN-V | AR23: =CONCATENATE(AS23,AU23) -> LIÊM TRINHTỴ | AS23: LIÊM TRINH | AT23: H | AU23: TỴ | AV23: =CONCATENATE(AS23," ",AT23) -> LIÊM TRINH H | AX23: =CONCATENATE("L.",AN23) -> L.L.HÓA QUYỀNMÙI | AY23: =CONCATENATE("L.",AO23) -> L.L.HÓA QUYỀN-V | BA23: 8 | BB23: 70 | BC23: 50 | DJ23: =CONCATENATE(DK23,DL23) -> SỬUDẬU | DK23: SỬU | DL23: DẬU | DM23: TUẤT | DO23: HÓA LỘC
A24: SỬU-10 | B24: CUNG MỆNH | C24: TUẤT | I24: =IF(LEFT(RIGHT(L24,2))="-",LEFT(L24,LEN(L24)-LEN(RIGHT(L24,2))),L24) -> THIÊN CƠ | J24: AN CHÍNH TINH DỰA VÀO SAO TỬ VI | K24: =MATCH($J$16,OFFSET('AN CÁC SAO CHÍNH TINH'!$A$1,'AN CÁC SAO CHÍNH TINH'!K23,0,1000000),0)+'AN CÁC SAO CHÍNH TINH'!K23 -> 3374 | L24: {=INDEX($B:$B,K24)} -> THIÊN CƠ | M24: {=INDEX($C:$C,K24)} -> THÌN | N24: =VLOOKUP(M24,$M$3:$N$14,2,0) -> CUNG QUAN LỘC | O24: CHÍNH TINH | U24: DƯƠNG NAMTHỔ 5 CỤC | V24: LÂM QUAN | W24: HỢI | Z24: AN TÊN CÁC CUNG AN TRONG NĂM SINH | AA24: =MATCH($Z$1,OFFSET($U$1,'AN CÁC SAO CHÍNH TINH'!AA23,0,1000000),0)+'AN CÁC SAO CHÍNH TINH'!AA23 -> 391 | AB24: {=INDEX($W:$W,AA24)} -> NGỌ | AC24: {=INDEX($V:$V,AA24)} -> Mậu Ngọ | AH24: 31 | AI24: THÁI ÂM- HÀNH THỦY | AJ24: THÁI BẠCH - HÀNH KIM | AN24: L.HÓA KHOADẦN | AO24: L.HÓA KHOA-Đ | AR24: =CONCATENATE(AS24,AU24) -> LIÊM TRINHHỢI | AS24: LIÊM TRINH | AT24: H | AU24: HỢI | AV24: =CONCATENATE(AS24," ",AT24) -> LIÊM TRINH H | AX24: =CONCATENATE("L.",AN24) -> L.L.HÓA KHOADẦN | AY24: =CONCATENATE("L.",AO24) -> L.L.HÓA KHOA-Đ | BA24: 9 | BB24: 80 | BC24: 40 | DJ24: =CONCATENATE(DK24,DL24) -> SỬUTUẤT | DK24: SỬU | DL24: TUẤT | DM24: HỢI | DO24: HÓA QUYỀN
A25: SỬU-11 | B25: CUNG MỆNH | C25: HỢI | I25: =IF(LEFT(RIGHT(L25,2))="-",LEFT(L25,LEN(L25)-LEN(RIGHT(L25,2))),L25) -> THIÊN PHỦ | J25: AN CHÍNH TINH DỰA VÀO SAO TỬ VI | K25: =MATCH($J$16,OFFSET('AN CÁC SAO CHÍNH TINH'!$A$1,'AN CÁC SAO CHÍNH TINH'!K24,0,1000000),0)+'AN CÁC SAO CHÍNH TINH'!K24 -> 3386 | L25: {=INDEX($B:$B,K25)} -> THIÊN PHỦ | M25: {=INDEX($C:$C,K25)} -> Hợi | N25: =VLOOKUP(M25,$M$3:$N$14,2,0) -> CUNG HUYNH ĐỆ | O25: CHÍNH TINH | U25: DƯƠNG NAMTHỔ 5 CỤC | V25: QUAN ĐỚI | W25: TUẤT | Z25: AN TÊN CÁC CUNG AN TRONG NĂM SINH | AA25: =MATCH($Z$1,OFFSET($U$1,'AN CÁC SAO CHÍNH TINH'!AA24,0,1000000),0)+'AN CÁC SAO CHÍNH TINH'!AA24 -> 392 | AB25: {=INDEX($W:$W,AA25)} -> MÙI | AC25: {=INDEX($V:$V,AA25)} -> Kỷ Mùi | AH25: 32 | AI25: THỔ TÚ - HÀNH THỔ | AJ25: THÁI DƯƠNG - HÀNH HỎA | AN25: L.HÓA KHOATHÂN | AO25: L.HÓA KHOA-Đ | AR25: =CONCATENATE(AS25,AU25) -> LIÊM TRINHMÃO | AS25: LIÊM TRINH | AT25: H | AU25: MÃO | AV25: =CONCATENATE(AS25," ",AT25) -> LIÊM TRINH H | AX25: =CONCATENATE("L.",AN25) -> L.L.HÓA KHOATHÂN | AY25: =CONCATENATE("L.",AO25) -> L.L.HÓA KHOA-Đ | BA25: 10 | BB25: 90 | BC25: 30 | DJ25: =CONCATENATE(DK25,DL25) -> SỬUHỢI | DK25: SỬU | DL25: HỢI | DM25: TÝ | DO25: HỎA TINH
A26: SỬU-12 | B26: CUNG MỆNH | C26: TÝ | I26: =IF(LEFT(RIGHT(L26,2))="-",LEFT(L26,LEN(L26)-LEN(RIGHT(L26,2))),L26) -> THÁI ÂM | J26: AN CHÍNH TINH DỰA VÀO SAO TỬ VI | K26: =MATCH($J$16,OFFSET('AN CÁC SAO CHÍNH TINH'!$A$1,'AN CÁC SAO CHÍNH TINH'!K25,0,1000000),0)+'AN CÁC SAO CHÍNH TINH'!K25 -> 3398 | L26: {=INDEX($B:$B,K26)} -> THÁI ÂM | M26: {=INDEX($C:$C,K26)} -> TÝ | N26: =VLOOKUP(M26,$M$3:$N$14,2,0) -> CUNG MỆNH | O26: CHÍNH TINH | U26: DƯƠNG NAMTHỔ 5 CỤC | V26: MỘC DỤC | W26: DẬU | Z26: AN TÊN CÁC CUNG AN TRONG NĂM SINH | AA26: =MATCH($Z$1,OFFSET($U$1,'AN CÁC SAO CHÍNH TINH'!AA25,0,1000000),0)+'AN CÁC SAO CHÍNH TINH'!AA25 -> 393 | AB26: {=INDEX($W:$W,AA26)} -> THÂN | AC26: {=INDEX($V:$V,AA26)} -> Canh Thân | AH26: 33 | AI26: LA HẦU - HÀNH KIM | AJ26: VÂN HỚN - HÀNH HỎA | AN26: L.HÓA KHOAHỢI | AO26: L.HÓA KHOA-Đ | AR26: =CONCATENATE(AS26,AU26) -> LIÊM TRINHDẬU | AS26: LIÊM TRINH | AT26: H | AU26: DẬU | AV26: =CONCATENATE(AS26," ",AT26) -> LIÊM TRINH H | AX26: =CONCATENATE("L.",AN26) -> L.L.HÓA KHOAHỢI | AY26: =CONCATENATE("L.",AO26) -> L.L.HÓA KHOA-Đ | BA26: 11 | BB26: 100 | BC26: 20 | DJ26: =CONCATENATE(DK26,DL26) -> DẦNTÝ | DK26: DẦN | DL26: TÝ | DM26: DẦN | DO26: HỒNG LOAN
A27: DẦN-1 | B27: CUNG MỆNH | C27: TÝ | I27: =IF(LEFT(RIGHT(L27,2))="-",LEFT(L27,LEN(L27)-LEN(RIGHT(L27,2))),L27) -> THAM LANG | J27: AN CHÍNH TINH DỰA VÀO SAO TỬ VI | K27: =MATCH($J$16,OFFSET('AN CÁC SAO CHÍNH TINH'!$A$1,'AN CÁC SAO CHÍNH TINH'!K26,0,1000000),0)+'AN CÁC SAO CHÍNH TINH'!K26 -> 3410 | L27: {=INDEX($B:$B,K27)} -> THAM LANG | M27: {=INDEX($C:$C,K27)} -> SỬU | N27: =VLOOKUP(M27,$M$3:$N$14,2,0) -> CUNG PHỤ MẪU | O27: CHÍNH TINH | U27: DƯƠNG NAMHỎA 6 CỤC | V27: TRƯỜNG SINH | W27: DẦN | Z27: AN TÊN CÁC CUNG AN TRONG NĂM SINH | AA27: =MATCH($Z$1,OFFSET($U$1,'AN CÁC SAO CHÍNH TINH'!AA26,0,1000000),0)+'AN CÁC SAO CHÍNH TINH'!AA26 -> 394 | AB27: {=INDEX($W:$W,AA27)} -> DẬU | AC27: {=INDEX($V:$V,AA27)} -> Tân Dậu | AH27: 34 | AI27: THÁI DƯƠNG - HÀNH HỎA | AJ27: KẾ ĐÔ - HÀNH THỔ | AN27: L.HÓA LỘCTHÌN | AO27: L.HÓA LỘC-V | AR27: =CONCATENATE(AS27,AU27) -> THIÊN ĐỒNGDẦN | AS27: THIÊN ĐỒNG | AT27: M | AU27: DẦN | AV27: =CONCATENATE(AS27," ",AT27) -> THIÊN ĐỒNG M | AX27: =CONCATENATE("L.",AN27) -> L.L.HÓA LỘCTHÌN | AY27: =CONCATENATE("L.",AO27) -> L.L.HÓA LỘC-V | BA27: 12 | BB27: 110 | BC27: 10 | DJ27: =CONCATENATE(DK27,DL27) -> DẦNSỬU | DK27: DẦN | DL27: SỬU | DM27: MÃO | DO27: HỮU BẬT
A28: DẦN-2 | B28: CUNG MỆNH | C28: SỬU | I28: =IF(LEFT(RIGHT(L28,2))="-",LEFT(L28,LEN(L28)-LEN(RIGHT(L28,2))),L28) -> CỰ MÔN | J28: AN CHÍNH TINH DỰA VÀO SAO TỬ VI | K28: =MATCH($J$16,OFFSET('AN CÁC SAO CHÍNH TINH'!$A$1,'AN CÁC SAO CHÍNH TINH'!K27,0,1000000),0)+'AN CÁC SAO CHÍNH TINH'!K27 -> 3422 | L28: {=INDEX($B:$B,K28)} -> CỰ MÔN | M28: {=INDEX($C:$C,K28)} -> Dần | N28: =VLOOKUP(M28,$M$3:$N$14,2,0) -> CUNG PHÚC ĐỨC | O28: CHÍNH TINH | U28: DƯƠNG NAMHỎA 6 CỤC | V28: DƯỠNG | W28: SỬU | Z28: AN TÊN CÁC CUNG AN TRONG NĂM SINH | AA28: =MATCH($Z$1,OFFSET($U$1,'AN CÁC SAO CHÍNH TINH'!AA27,0,1000000),0)+'AN CÁC SAO CHÍNH TINH'!AA27 -> 395 | AB28: {=INDEX($W:$W,AA28)} -> TUẤT | AC28: {=INDEX($V:$V,AA28)} -> Nhâm Tuất | AH28: 35 | AI28: THÁI BẠCH - HÀNH KIM | AJ28: THÁI ÂM- HÀNH THỦY | AN28: L.HÓA LỘCTUẤT | AO28: L.HÓA LỘC-V | AR28: =CONCATENATE(AS28,AU28) -> THIÊN ĐỒNGTHÂN | AS28: THIÊN ĐỒNG | AT28: M | AU28: THÂN | AV28: =CONCATENATE(AS28," ",AT28) -> THIÊN ĐỒNG M | AX28: =CONCATENATE("L.",AN28) -> L.L.HÓA LỘCTUẤT | AY28: =CONCATENATE("L.",AO28) -> L.L.HÓA LỘC-V | DJ28: =CONCATENATE(DK28,DL28) -> DẦNDẦN | DK28: DẦN | DL28: DẦN | DM28: THÌN | DO28: HỶ THẦN
A29: DẦN-3 | B29: CUNG MỆNH | C29: DẦN | I29: =IF(LEFT(RIGHT(L29,2))="-",LEFT(L29,LEN(L29)-LEN(RIGHT(L29,2))),L29) -> THIÊN TƯỚNG | J29: AN CHÍNH TINH DỰA VÀO SAO TỬ VI | K29: =MATCH($J$16,OFFSET('AN CÁC SAO CHÍNH TINH'!$A$1,'AN CÁC SAO CHÍNH TINH'!K28,0,1000000),0)+'AN CÁC SAO CHÍNH TINH'!K28 -> 3434 | L29: {=INDEX($B:$B,K29)} -> THIÊN TƯỚNG | M29: {=INDEX($C:$C,K29)} -> MÃO | N29: =VLOOKUP(M29,$M$3:$N$14,2,0) -> CUNG ĐIỀN TRẠCH | O29: CHÍNH TINH | U29: DƯƠNG NAMHỎA 6 CỤC | V29: THAI | W29: TÝ | Z29: AN TÊN CÁC CUNG AN TRONG NĂM SINH | AA29: =MATCH($Z$1,OFFSET($U$1,'AN CÁC SAO CHÍNH TINH'!AA28,0,1000000),0)+'AN CÁC SAO CHÍNH TINH'!AA28 -> 396 | AB29: {=INDEX($W:$W,AA29)} -> HỢI | AC29: {=INDEX($V:$V,AA29)} -> Quý Hợi | AH29: 36 | AI29: THỦY DIỆU - HÀNH THỦY | AJ29: MỘC ĐỨC- HÀNH MỘC | AN29: L.HÓA LỘCSỬU | AO29: L.HÓA LỘC-V | AR29: =CONCATENATE(AS29,AU29) -> THIÊN ĐỒNGTÝ | AS29: THIÊN ĐỒNG | AT29: V | AU29: TÝ | AV29: =CONCATENATE(AS29," ",AT29) -> THIÊN ĐỒNG V | AX29: =CONCATENATE("L.",AN29) -> L.L.HÓA LỘCSỬU | AY29: =CONCATENATE("L.",AO29) -> L.L.HÓA LỘC-V | DJ29: =CONCATENATE(DK29,DL29) -> DẦNMÃO | DK29: DẦN | DL29: MÃO | DM29: TỴ | DO29: KIẾP SÁT
A30: DẦN-4 | B30: CUNG MỆNH | C30: MÃO | I30: =IF(LEFT(RIGHT(L30,2))="-",LEFT(L30,LEN(L30)-LEN(RIGHT(L30,2))),L30) -> THIÊN LƯƠNG | J30: AN CHÍNH TINH DỰA VÀO SAO TỬ VI | K30: =MATCH($J$16,OFFSET('AN CÁC SAO CHÍNH TINH'!$A$1,'AN CÁC SAO CHÍNH TINH'!K29,0,1000000),0)+'AN CÁC SAO CHÍNH TINH'!K29 -> 3446 | L30: {=INDEX($B:$B,K30)} -> THIÊN LƯƠNG | M30: {=INDEX($C:$C,K30)} -> THÌN | N30: =VLOOKUP(M30,$M$3:$N$14,2,0) -> CUNG QUAN LỘC | O30: CHÍNH TINH | U30: DƯƠNG NAMHỎA 6 CỤC | V30: TUYỆT | W30: HỢI | Z30: AN TÊN CÁC CUNG AN TRONG NĂM SINH | AA30: =MATCH($Z$1,OFFSET($U$1,'AN CÁC SAO CHÍNH TINH'!AA29,0,1000000),0)+'AN CÁC SAO CHÍNH TINH'!AA29 -> 397 | AB30: {=INDEX($W:$W,AA30)} -> TÝ | AC30: {=INDEX($V:$V,AA30)} -> Giáp Tý | AH30: 37 | AI30: KẾ ĐÔ - HÀNH THỔ | AJ30: LA HẦU - HÀNH KIM | AN30: L.HÓA LỘCMÙI | AO30: L.HÓA LỘC-V | AR30: =CONCATENATE(AS30,AU30) -> THIÊN ĐỒNGMÃO | AS30: THIÊN ĐỒNG | AT30: Đ | AU30: MÃO | AV30: =CONCATENATE(AS30," ",AT30) -> THIÊN ĐỒNG Đ | AX30: =CONCATENATE("L.",AN30) -> L.L.HÓA LỘCMÙI | AY30: =CONCATENATE("L.",AO30) -> L.L.HÓA LỘC-V | DJ30: =CONCATENATE(DK30,DL30) -> DẦNTHÌN | DK30: DẦN | DL30: THÌN | DM30: NGỌ | DO30: KÌNH DƯƠNG
A31: DẦN-5 | B31: CUNG MỆNH | C31: THÌN | I31: =IF(LEFT(RIGHT(L31,2))="-",LEFT(L31,LEN(L31)-LEN(RIGHT(L31,2))),L31) -> THẤT SÁT | J31: AN CHÍNH TINH DỰA VÀO SAO TỬ VI | K31: =MATCH($J$16,OFFSET('AN CÁC SAO CHÍNH TINH'!$A$1,'AN CÁC SAO CHÍNH TINH'!K30,0,1000000),0)+'AN CÁC SAO CHÍNH TINH'!K30 -> 3458 | L31: {=INDEX($B:$B,K31)} -> THẤT SÁT | M31: {=INDEX($C:$C,K31)} -> TỴ | N31: =VLOOKUP(M31,$M$3:$N$14,2,0) -> CUNG NÔ BỘC | O31: CHÍNH TINH | U31: DƯƠNG NAMHỎA 6 CỤC | V31: MỘ | W31: TUẤT | Z31: AN TÊN CÁC CUNG AN TRONG NĂM SINH | AA31: =MATCH($Z$1,OFFSET($U$1,'AN CÁC SAO CHÍNH TINH'!AA30,0,1000000),0)+'AN CÁC SAO CHÍNH TINH'!AA30 -> 398 | AB31: {=INDEX($W:$W,AA31)} -> SỬU | AC31: {=INDEX($V:$V,AA31)} -> Ất Sửu | AH31: 38 | AI31: VÂN HỚN - HÀNH HỎA | AJ31: THỔ TÚ - HÀNH THỔ | AN31: L.HÓA LỘCDẦN | AO31: L.HÓA LỘC-V | AR31: =CONCATENATE(AS31,AU31) -> THIÊN ĐỒNGTỴ | AS31: THIÊN ĐỒNG | AT31: Đ | AU31: TỴ | AV31: =CONCATENATE(AS31," ",AT31) -> THIÊN ĐỒNG Đ | AX31: =CONCATENATE("L.",AN31) -> L.L.HÓA LỘCDẦN | AY31: =CONCATENATE("L.",AO31) -> L.L.HÓA LỘC-V | DJ31: =CONCATENATE(DK31,DL31) -> DẦNTỴ | DK31: DẦN | DL31: TỴ | DM31: MÙI | DO31: LIÊM TRINH
A32: DẦN-6 | B32: CUNG MỆNH | C32: TỴ | I32: =IF(LEFT(RIGHT(L32,2))="-",LEFT(L32,LEN(L32)-LEN(RIGHT(L32,2))),L32) -> PHÁ QUÂN | J32: AN CHÍNH TINH DỰA VÀO SAO TỬ VI | K32: =MATCH($J$16,OFFSET('AN CÁC SAO CHÍNH TINH'!$A$1,'AN CÁC SAO CHÍNH TINH'!K31,0,1000000),0)+'AN CÁC SAO CHÍNH TINH'!K31 -> 3470 | L32: {=INDEX($B:$B,K32)} -> PHÁ QUÂN | M32: {=INDEX($C:$C,K32)} -> Dậu | N32: =VLOOKUP(M32,$M$3:$N$14,2,0) -> CUNG TỬ TỨC | O32: CHÍNH TINH | U32: DƯƠNG NAMHỎA 6 CỤC | V32: TỬ | W32: DẬU | Z32: AN TÊN CÁC CUNG AN TRONG NĂM SINH | AA32: =MATCH($Z$1,OFFSET($U$1,'AN CÁC SAO CHÍNH TINH'!AA31,0,1000000),0)+'AN CÁC SAO CHÍNH TINH'!AA31 -> #N/A | AB32: {=INDEX($W:$W,AA32)} -> #N/A | AC32: {=INDEX($V:$V,AA32)} -> #N/A | AH32: 39 | AI32: MỘC ĐỨC- HÀNH MỘC | AJ32: THỦY DIỆU - HÀNH THỦY | AN32: L.HÓA LỘCMÃO | AO32: L.HÓA LỘC-V | AR32: =CONCATENATE(AS32,AU32) -> THIÊN ĐỒNGHỢI | AS32: THIÊN ĐỒNG | AT32: Đ | AU32: HỢI | AV32: =CONCATENATE(AS32," ",AT32) -> THIÊN ĐỒNG Đ | AX32: =CONCATENATE("L.",AN32) -> L.L.HÓA LỘCMÃO | AY32: =CONCATENATE("L.",AO32) -> L.L.HÓA LỘC-V | DJ32: =CONCATENATE(DK32,DL32) -> DẦNNGỌ | DK32: DẦN | DL32: NGỌ | DM32: THÂN | DO32: LINH TINH
A33: DẦN-7 | B33: CUNG MỆNH | C33: NGỌ | I33: =IF(LEFT(RIGHT(L33,2))="-",LEFT(L33,LEN(L33)-LEN(RIGHT(L33,2))),L33) -> #N/A | J33: AN CHÍNH TINH DỰA VÀO SAO TỬ VI | K33: =MATCH($J$16,OFFSET('AN CÁC SAO CHÍNH TINH'!$A$1,'AN CÁC SAO CHÍNH TINH'!K32,0,1000000),0)+'AN CÁC SAO CHÍNH TINH'!K32 -> #N/A | L33: {=INDEX($B:$B,K33)} -> #N/A | M33: {=INDEX($C:$C,K33)} -> #N/A | N33: =VLOOKUP(M33,$M$3:$N$14,2,0) -> #N/A | U33: DƯƠNG NAMHỎA 6 CỤC | V33: BỆNH | W33: THÂN | Z33: AN TÊN CÁC CUNG AN TRONG NĂM SINH | AA33: =MATCH($Z$1,OFFSET($U$1,'AN CÁC SAO CHÍNH TINH'!AA32,0,1000000),0)+'AN CÁC SAO CHÍNH TINH'!AA32 -> #N/A | AB33: {=INDEX($W:$W,AA33)} -> #N/A | AC33: {=INDEX($V:$V,AA33)} -> #N/A | AH33: 40 | AI33: THÁI ÂM- HÀNH THỦY | AJ33: THÁI BẠCH - HÀNH KIM | AN33: L.HÓA KỴTHÌN | AO33: L.HÓA KỴ-Đ | AR33: =CONCATENATE(AS33,AU33) -> THIÊN ĐỒNGTHÌN | AS33: THIÊN ĐỒNG | AT33: H | AU33: THÌN | AV33: =CONCATENATE(AS33," ",AT33) -> THIÊN ĐỒNG H | AX33: =CONCATENATE("L.",AN33) -> L.L.HÓA KỴTHÌN | AY33: =CONCATENATE("L.",AO33) -> L.L.HÓA KỴ-Đ | DJ33: =CONCATENATE(DK33,DL33) -> DẦNMÙI | DK33: DẦN | DL33: MÙI | DM33: DẬU | DO33: LN.VĂN TINH
A34: DẦN-8 | B34: CUNG MỆNH | C34: MÙI | I34: =IF(LEFT(RIGHT(L34,2))="-",LEFT(L34,LEN(L34)-LEN(RIGHT(L34,2))),L34) -> #N/A | J34: AN CHÍNH TINH DỰA VÀO SAO TỬ VI | K34: =MATCH($J$16,OFFSET('AN CÁC SAO CHÍNH TINH'!$A$1,'AN CÁC SAO CHÍNH TINH'!K33,0,1000000),0)+'AN CÁC SAO CHÍNH TINH'!K33 -> #N/A | L34: {=INDEX($B:$B,K34)} -> #N/A | M34: {=INDEX($C:$C,K34)} -> #N/A | N34: =VLOOKUP(M34,$M$3:$N$14,2,0) -> #N/A | U34: DƯƠNG NAMHỎA 6 CỤC | V34: SUY | W34: MÙI | Z34: AN TÊN CÁC CUNG AN TRONG NĂM SINH | AA34: =MATCH($Z$1,OFFSET($U$1,'AN CÁC SAO CHÍNH TINH'!AA33,0,1000000),0)+'AN CÁC SAO CHÍNH TINH'!AA33 -> #N/A | AB34: {=INDEX($W:$W,AA34)} -> #N/A | AC34: {=INDEX($V:$V,AA34)} -> #N/A | AH34: 41 | AI34: THỔ TÚ - HÀNH THỔ | AJ34: THÁI DƯƠNG - HÀNH HỎA | AN34: L.HÓA KỴTUẤT | AO34: L.HÓA KỴ-Đ | AR34: =CONCATENATE(AS34,AU34) -> THIÊN ĐỒNGTUẤT | AS34: THIÊN ĐỒNG | AT34: H | AU34: TUẤT | AV34: =CONCATENATE(AS34," ",AT34) -> THIÊN ĐỒNG H | AX34: =CONCATENATE("L.",AN34) -> L.L.HÓA KỴTUẤT | AY34: =CONCATENATE("L.",AO34) -> L.L.HÓA KỴ-Đ | DJ34: =CONCATENATE(DK34,DL34) -> DẦNTHÂN | DK34: DẦN | DL34: THÂN | DM34: TUẤT | DO34: LỘC TỒN
A35: DẦN-9 | B35: CUNG MỆNH | C35: THÂN | U35: DƯƠNG NAMHỎA 6 CỤC | V35: ĐẾ VƯỢNG | W35: NGỌ | AH35: 42 | AI35: LA HẦU - HÀNH KIM | AJ35: VÂN HỚN - HÀNH HỎA | AN35: L.HÓA KỴSỬU | AO35: L.HÓA KỴ-Đ | AR35: =CONCATENATE(AS35,AU35) -> THIÊN ĐỒNGSỬU | AS35: THIÊN ĐỒNG | AT35: H | AU35: SỬU | AV35: =CONCATENATE(AS35," ",AT35) -> THIÊN ĐỒNG H | AX35: =CONCATENATE("L.",AN35) -> L.L.HÓA KỴSỬU | AY35: =CONCATENATE("L.",AO35) -> L.L.HÓA KỴ-Đ | DJ35: =CONCATENATE(DK35,DL35) -> DẦNDẬU | DK35: DẦN | DL35: DẬU | DM35: HỢI | DO35: LONG ĐỨC
A36: DẦN-10 | B36: CUNG MỆNH | C36: DẬU | I36: =IF(LEFT(RIGHT(L36,2))="-",LEFT(L36,LEN(L36)-LEN(RIGHT(L36,2))),L36) -> TUẦN | J36: kết hợp can chi | K36: =MATCH($H$2,OFFSET('AN CÁC SAO CHÍNH TINH'!$A$1,'AN CÁC SAO CHÍNH TINH'!K35,0,1000000),0)+'AN CÁC SAO CHÍNH TINH'!K35 -> 3710 | L36: {=INDEX($B:$B,K36)} -> TUẦN | M36: {=INDEX($C:$C,K36)} -> TUẤT | N36: =VLOOKUP(M36,$M$3:$N$14,2,0) -> CUNG PHU/THÊ | U36: DƯƠNG NAMHỎA 6 CỤC | V36: LÂM QUAN | W36: TỴ | AH36: 43 | AI36: THÁI DƯƠNG - HÀNH HỎA | AJ36: KẾ ĐÔ - HÀNH THỔ | AN36: L.HÓA KỴMÙI | AO36: L.HÓA KỴ-Đ | AR36: =CONCATENATE(AS36,AU36) -> THIÊN ĐỒNGMÙI | AS36: THIÊN ĐỒNG | AT36: H | AU36: MÙI | AV36: =CONCATENATE(AS36," ",AT36) -> THIÊN ĐỒNG H | AX36: =CONCATENATE("L.",AN36) -> L.L.HÓA KỴMÙI | AY36: =CONCATENATE("L.",AO36) -> L.L.HÓA KỴ-Đ | DJ36: =CONCATENATE(DK36,DL36) -> DẦNTUẤT | DK36: DẦN | DL36: TUẤT | DM36: TÝ | DO36: LONG TRÌ
A37: DẦN-11 | B37: CUNG MỆNH | C37: TUẤT | I37: =IF(LEFT(RIGHT(L37,2))="-",LEFT(L37,LEN(L37)-LEN(RIGHT(L37,2))),L37) -> TUẦN | J37: kết hợp can chi | K37: =MATCH($H$2,OFFSET('AN CÁC SAO CHÍNH TINH'!$A$1,'AN CÁC SAO CHÍNH TINH'!K36,0,1000000),0)+'AN CÁC SAO CHÍNH TINH'!K36 -> 3720 | L37: {=INDEX($B:$B,K37)} -> TUẦN | M37: {=INDEX($C:$C,K37)} -> HỢI | N37: =VLOOKUP(M37,$M$3:$N$14,2,0) -> CUNG HUYNH ĐỆ | U37: DƯƠNG NAMHỎA 6 CỤC | V37: QUAN ĐỚI | W37: THÌN | Z37: AN NGUYỆT VẬN TRONG THIÊN BÀN | AA37: =MATCH($Y$1,OFFSET($U$1,'AN CÁC SAO CHÍNH TINH'!AA36,0,1000000),0)+'AN CÁC SAO CHÍNH TINH'!AA36 -> 987 | AB37: {=INDEX($W:$W,AA37)} -> TÝ | AC37: {=INDEX($V:$V,AA37)} -> THÌN | AH37: 44 | AI37: THÁI BẠCH - HÀNH KIM | AJ37: THÁI ÂM- HÀNH THỦY | AN37: TỬ VITÝ | AO37: TỬ VI-B | AP37: TỬ VI B | AQ37: =CONCATENATE(TRIM(LEFT(AP37,LEN(AP37)-LEN(RIGHT(AP37)))),"-",RIGHT(AP37)) -> TỬ VI-B | AR37: =CONCATENATE(AS37,AU37) -> THIÊN ĐỒNGNGỌ | AS37: THIÊN ĐỒNG | AT37: H | AU37: NGỌ | AV37: =CONCATENATE(AS37," ",AT37) -> THIÊN ĐỒNG H | AX37: =CONCATENATE("L.",AN37) -> L.TỬ VITÝ | AY37: =CONCATENATE("L.",AO37) -> L.TỬ VI-B | DJ37: =CONCATENATE(DK37,DL37) -> DẦNHỢI | DK37: DẦN | DL37: HỢI | DM37: SỬU | DO37: LỰC SỸ
A38: DẦN-12 | B38: CUNG MỆNH | C38: HỢI | I38: =IF(LEFT(RIGHT(L38,2))="-",LEFT(L38,LEN(L38)-LEN(RIGHT(L38,2))),L38) -> #N/A | J38: kết hợp can chi | K38: =MATCH($H$2,OFFSET('AN CÁC SAO CHÍNH TINH'!$A$1,'AN CÁC SAO CHÍNH TINH'!K37,0,1000000),0)+'AN CÁC SAO CHÍNH TINH'!K37 -> #N/A | L38: {=INDEX($B:$B,K38)} -> #N/A | M38: {=INDEX($C:$C,K38)} -> #N/A | N38: =VLOOKUP(M38,$M$3:$N$14,2,0) -> #N/A | U38: DƯƠNG NAMHỎA 6 CỤC | V38: MỘC DỤC | W38: MÃO | Z38: AN NGUYỆT VẬN TRONG THIÊN BÀN | AA38: =MATCH($Y$1,OFFSET($U$1,'AN CÁC SAO CHÍNH TINH'!AA37,0,1000000),0)+'AN CÁC SAO CHÍNH TINH'!AA37 -> 988 | AB38: {=INDEX($W:$W,AA38)} -> SỬU | AC38: {=INDEX($V:$V,AA38)} -> MÃO | AH38: 45 | AI38: THỦY DIỆU - HÀNH THỦY | AJ38: MỘC ĐỨC- HÀNH MỘC | AK38: H | AN38: TỬ VISỬU | AO38: TỬ VI-B | AP38: TỬ VI Đ | AQ38: =CONCATENATE(TRIM(LEFT(AP38,LEN(AP38)-LEN(RIGHT(AP38)))),"-",RIGHT(AP38)) -> TỬ VI-Đ | AR38: =CONCATENATE(AS38,AU38) -> THIÊN ĐỒNGDẬU | AS38: THIÊN ĐỒNG | AT38: H | AU38: DẬU | AV38: =CONCATENATE(AS38," ",AT38) -> THIÊN ĐỒNG H | AX38: =CONCATENATE("L.",AN38) -> L.TỬ VISỬU | AY38: =CONCATENATE("L.",AO38) -> L.TỬ VI-B | DJ38: =CONCATENATE(DK38,DL38) -> MÃOTÝ | DK38: MÃO | DL38: TÝ | DM38: MÃO | DO38: LƯU HÀ
A39: MÃO-1 | B39: CUNG MỆNH | C39: HỢI | I39: =IF(LEFT(RIGHT(L39,2))="-",LEFT(L39,LEN(L39)-LEN(RIGHT(L39,2))),L39) -> 0 | N39: =VLOOKUP(M39,$M$3:$N$14,2,0) -> #N/A | U39: DƯƠNG NAMKM 4 CỤC | V39: TRƯỜNG SINH | W39: TỴ | Z39: AN NGUYỆT VẬN TRONG THIÊN BÀN | AA39: =MATCH($Y$1,OFFSET($U$1,'AN CÁC SAO CHÍNH TINH'!AA38,0,1000000),0)+'AN CÁC SAO CHÍNH TINH'!AA38 -> 989 | AB39: {=INDEX($W:$W,AA39)} -> DẦN | AC39: {=INDEX($V:$V,AA39)} -> DẦN | AH39: 46 | AI39: KẾ ĐÔ - HÀNH THỔ | AJ39: LA HẦU - HÀNH KIM | AN39: TỬ VIDẦN | AO39: TỬ VI-M | AP39: TỬ VI M | AQ39: =CONCATENATE(TRIM(LEFT(AP39,LEN(AP39)-LEN(RIGHT(AP39)))),"-",RIGHT(AP39)) -> TỬ VI-M | AR39: =CONCATENATE(AS39,AU39) -> VŨ KHÚCTHÌN | AS39: VŨ KHÚC | AT39: M | AU39: THÌN | AV39: =CONCATENATE(AS39," ",AT39) -> VŨ KHÚC M | AX39: =CONCATENATE("L.",AN39) -> L.TỬ VIDẦN | AY39: =CONCATENATE("L.",AO39) -> L.TỬ VI-M | DJ39: =CONCATENATE(DK39,DL39) -> MÃOSỬU | DK39: MÃO | DL39: SỬU | DM39: THÌN | DO39: NGUYỆT ĐỨC
A40: MÃO-2 | B40: CUNG MỆNH | C40: TÝ | I40: =IF(LEFT(RIGHT(L40,2))="-",LEFT(L40,LEN(L40)-LEN(RIGHT(L40,2))),L40) -> TRIỆT | J40: can | K40: =MATCH($I$2,OFFSET('AN CÁC SAO CHÍNH TINH'!$A$1,'AN CÁC SAO CHÍNH TINH'!K39,0,1000000),0)+'AN CÁC SAO CHÍNH TINH'!K39 -> 3699 | L40: {=INDEX($B:$B,K40)} -> TRIỆT | M40: {=INDEX($C:$C,K40)} -> TÝ | N40: =VLOOKUP(M40,$M$3:$N$14,2,0) -> CUNG MỆNH | U40: DƯƠNG NAMKM 4 CỤC | V40: DƯỠNG | W40: THÌN | Z40: AN NGUYỆT VẬN TRONG THIÊN BÀN | AA40: =MATCH($Y$1,OFFSET($U$1,'AN CÁC SAO CHÍNH TINH'!AA39,0,1000000),0)+'AN CÁC SAO CHÍNH TINH'!AA39 -> 990 | AB40: {=INDEX($W:$W,AA40)} -> MÃO | AC40: {=INDEX($V:$V,AA40)} -> SỬU | AH40: 47 | AI40: VÂN HỚN - HÀNH HỎA | AJ40: THỔ TÚ - HÀNH THỔ | AN40: TỬ VIMÃO | AO40: TỬ VI-B | AP40: TỬ VI B | AQ40: =CONCATENATE(TRIM(LEFT(AP40,LEN(AP40)-LEN(RIGHT(AP40)))),"-",RIGHT(AP40)) -> TỬ VI-B | AR40: =CONCATENATE(AS40,AU40) -> VŨ KHÚCTUẤT | AS40: VŨ KHÚC | AT40: M | AU40: TUẤT | AV40: =CONCATENATE(AS40," ",AT40) -> VŨ KHÚC M | AX40: =CONCATENATE("L.",AN40) -> L.TỬ VIMÃO | AY40: =CONCATENATE("L.",AO40) -> L.TỬ VI-B | DJ40: =CONCATENATE(DK40,DL40) -> MÃODẦN | DK40: MÃO | DL40: DẦN | DM40: TỴ | DO40: PHÁ QUÂN
A41: MÃO-3 | B41: CUNG MỆNH | C41: SỬU | I41: =IF(LEFT(RIGHT(L41,2))="-",LEFT(L41,LEN(L41)-LEN(RIGHT(L41,2))),L41) -> TRIỆT | J41: can | K41: =MATCH($I$2,OFFSET('AN CÁC SAO CHÍNH TINH'!$A$1,'AN CÁC SAO CHÍNH TINH'!K40,0,1000000),0)+'AN CÁC SAO CHÍNH TINH'!K40 -> 3700 | L41: {=INDEX($B:$B,K41)} -> TRIỆT | M41: {=INDEX($C:$C,K41)} -> SỬU | N41: =VLOOKUP(M41,$M$3:$N$14,2,0) -> CUNG PHỤ MẪU | U41: DƯƠNG NAMKM 4 CỤC | V41: THAI | W41: MÃO | Z41: AN NGUYỆT VẬN TRONG THIÊN BÀN | AA41: =MATCH($Y$1,OFFSET($U$1,'AN CÁC SAO CHÍNH TINH'!AA40,0,1000000),0)+'AN CÁC SAO CHÍNH TINH'!AA40 -> 991 | AB41: {=INDEX($W:$W,AA41)} -> THÌN | AC41: {=INDEX($V:$V,AA41)} -> TÝ | AH41: 48 | AI41: MỘC ĐỨC- HÀNH MỘC | AJ41: THỦY DIỆU - HÀNH THỦY | AN41: TỬ VITHÌN | AO41: TỬ VI-V | AP41: TỬ VI V | AQ41: =CONCATENATE(TRIM(LEFT(AP41,LEN(AP41)-LEN(RIGHT(AP41)))),"-",RIGHT(AP41)) -> TỬ VI-V | AR41: =CONCATENATE(AS41,AU41) -> VŨ KHÚCSỬU | AS41: VŨ KHÚC | AT41: M | AU41: SỬU | AV41: =CONCATENATE(AS41," ",AT41) -> VŨ KHÚC M | AX41: =CONCATENATE("L.",AN41) -> L.TỬ VITHÌN | AY41: =CONCATENATE("L.",AO41) -> L.TỬ VI-V | DJ41: =CONCATENATE(DK41,DL41) -> MÃOMÃO | DK41: MÃO | DL41: MÃO | DM41: NGỌ | DO41: PHÁ TOÁI
A42: MÃO-4 | B42: CUNG MỆNH | C42: DẦN | I42: =IF(LEFT(RIGHT(L42,2))="-",LEFT(L42,LEN(L42)-LEN(RIGHT(L42,2))),L42) -> 0 | N42: =VLOOKUP(M42,$M$3:$N$14,2,0) -> #N/A | U42: DƯƠNG NAMKM 4 CỤC | V42: TUYỆT | W42: DẦN | Z42: AN NGUYỆT VẬN TRONG THIÊN BÀN | AA42: =MATCH($Y$1,OFFSET($U$1,'AN CÁC SAO CHÍNH TINH'!AA41,0,1000000),0)+'AN CÁC SAO CHÍNH TINH'!AA41 -> 992 | AB42: {=INDEX($W:$W,AA42)} -> TỴ | AC42: {=INDEX($V:$V,AA42)} -> HỢI | AH42: 49 | AI42: THÁI ÂM- HÀNH THỦY | AJ42: THÁI BẠCH - HÀNH KIM | AN42: TỬ VITỴ | AO42: TỬ VI-M | AP42: TỬ VI M | AQ42: =CONCATENATE(TRIM(LEFT(AP42,LEN(AP42)-LEN(RIGHT(AP42)))),"-",RIGHT(AP42)) -> TỬ VI-M | AR42: =CONCATENATE(AS42,AU42) -> VŨ KHÚCMÙI | AS42: VŨ KHÚC | AT42: M | AU42: MÙI | AV42: =CONCATENATE(AS42," ",AT42) -> VŨ KHÚC M | AX42: =CONCATENATE("L.",AN42) -> L.TỬ VITỴ | AY42: =CONCATENATE("L.",AO42) -> L.TỬ VI-M | DJ42: =CONCATENATE(DK42,DL42) -> MÃOTHÌN | DK42: MÃO | DL42: THÌN | DM42: MÙI | DO42: PHI LIÊM
A43: MÃO-5 | B43: CUNG MỆNH | C43: MÃO | I43: =IF(LEFT(RIGHT(L43,2))="-",LEFT(L43,LEN(L43)-LEN(RIGHT(L43,2))),L43) -> TẢ PHÙ | J43: THÁNG SINH | K43: =MATCH($F$1,OFFSET('AN CÁC SAO CHÍNH TINH'!$A$1,'AN CÁC SAO CHÍNH TINH'!K42,0,1000000),0)+'AN CÁC SAO CHÍNH TINH'!K42 -> 4571 | L43: {=INDEX($B:$B,K43)} -> TẢ PHÙ | M43: {=INDEX($C:$C,K43)} -> Tuất | N43: =VLOOKUP(M43,$M$3:$N$14,2,0) -> CUNG PHU/THÊ | U43: DƯƠNG NAMKM 4 CỤC | V43: MỘ | W43: SỬU | Z43: AN NGUYỆT VẬN TRONG THIÊN BÀN | AA43: =MATCH($Y$1,OFFSET($U$1,'AN CÁC SAO CHÍNH TINH'!AA42,0,1000000),0)+'AN CÁC SAO CHÍNH TINH'!AA42 -> 993 | AB43: {=INDEX($W:$W,AA43)} -> NGỌ | AC43: {=INDEX($V:$V,AA43)} -> TUẤT | AH43: 50 | AI43: THỔ TÚ - HÀNH THỔ | AJ43: THÁI DƯƠNG - HÀNH HỎA | AN43: TỬ VINGỌ | AO43: TỬ VI-M | AP43: TỬ VI M | AQ43: =CONCATENATE(TRIM(LEFT(AP43,LEN(AP43)-LEN(RIGHT(AP43)))),"-",RIGHT(AP43)) -> TỬ VI-M | AR43: =CONCATENATE(AS43,AU43) -> VŨ KHÚCDẦN | AS43: VŨ KHÚC | AT43: V | AU43: DẦN | AV43: =CONCATENATE(AS43," ",AT43) -> VŨ KHÚC V | AX43: =CONCATENATE("L.",AN43) -> L.TỬ VINGỌ | AY43: =CONCATENATE("L.",AO43) -> L.TỬ VI-M | DJ43: =CONCATENATE(DK43,DL43) -> MÃOTỴ | DK43: MÃO | DL43: TỴ | DM43: THÂN | DO43: PHONG CÁO
A44: MÃO-6 | B44: CUNG MỆNH | C44: THÌN | I44: =IF(LEFT(RIGHT(L44,2))="-",LEFT(L44,LEN(L44)-LEN(RIGHT(L44,2))),L44) -> HỮU BẬT | J44: THÁNG SINH | K44: =MATCH($F$1,OFFSET('AN CÁC SAO CHÍNH TINH'!$A$1,'AN CÁC SAO CHÍNH TINH'!K43,0,1000000),0)+'AN CÁC SAO CHÍNH TINH'!K43 -> 4583 | L44: {=INDEX($B:$B,K44)} -> HỮU BẬT | M44: {=INDEX($C:$C,K44)} -> Thìn | N44: =VLOOKUP(M44,$M$3:$N$14,2,0) -> CUNG QUAN LỘC | U44: DƯƠNG NAMKM 4 CỤC | V44: TỬ | W44: TÝ | Z44: AN NGUYỆT VẬN TRONG THIÊN BÀN | AA44: =MATCH($Y$1,OFFSET($U$1,'AN CÁC SAO CHÍNH TINH'!AA43,0,1000000),0)+'AN CÁC SAO CHÍNH TINH'!AA43 -> 994 | AB44: {=INDEX($W:$W,AA44)} -> MÙI | AC44: {=INDEX($V:$V,AA44)} -> DẬU | AH44: 51 | AI44: LA HẦU - HÀNH KIM | AJ44: VÂN HỚN - HÀNH HỎA | AN44: TỬ VIMÙI | AO44: TỬ VI-Đ | AP44: TỬ VI Đ | AQ44: =CONCATENATE(TRIM(LEFT(AP44,LEN(AP44)-LEN(RIGHT(AP44)))),"-",RIGHT(AP44)) -> TỬ VI-Đ | AR44: =CONCATENATE(AS44,AU44) -> VŨ KHÚCTHÂN | AS44: VŨ KHÚC | AT44: V | AU44: THÂN | AV44: =CONCATENATE(AS44," ",AT44) -> VŨ KHÚC V | AX44: =CONCATENATE("L.",AN44) -> L.TỬ VIMÙI | AY44: =CONCATENATE("L.",AO44) -> L.TỬ VI-Đ | DJ44: =CONCATENATE(DK44,DL44) -> MÃONGỌ | DK44: MÃO | DL44: NGỌ | DM44: DẬU | DO44: PHỤC BINH
A45: MÃO-7 | B45: CUNG MỆNH | C45: TỴ | I45: =IF(LEFT(RIGHT(L45,2))="-",LEFT(L45,LEN(L45)-LEN(RIGHT(L45,2))),L45) -> THIÊN HÌNH | J45: THÁNG SINH | K45: =MATCH($F$1,OFFSET('AN CÁC SAO CHÍNH TINH'!$A$1,'AN CÁC SAO CHÍNH TINH'!K44,0,1000000),0)+'AN CÁC SAO CHÍNH TINH'!K44 -> 4595 | L45: {=INDEX($B:$B,K45)} -> THIÊN HÌNH | M45: {=INDEX($C:$C,K45)} -> MÃO | N45: =VLOOKUP(M45,$M$3:$N$14,2,0) -> CUNG ĐIỀN TRẠCH | U45: DƯƠNG NAMKM 4 CỤC | V45: BỆNH | W45: HỢI | Z45: AN NGUYỆT VẬN TRONG THIÊN BÀN | AA45: =MATCH($Y$1,OFFSET($U$1,'AN CÁC SAO CHÍNH TINH'!AA44,0,1000000),0)+'AN CÁC SAO CHÍNH TINH'!AA44 -> 995 | AB45: {=INDEX($W:$W,AA45)} -> THÂN | AC45: {=INDEX($V:$V,AA45)} -> THÂN | AH45: 52 | AI45: THÁI DƯƠNG - HÀNH HỎA | AJ45: KẾ ĐÔ - HÀNH THỔ | AN45: TỬ VITHÂN | AO45: TỬ VI-M | AP45: TỬ VI M | AQ45: =CONCATENATE(TRIM(LEFT(AP45,LEN(AP45)-LEN(RIGHT(AP45)))),"-",RIGHT(AP45)) -> TỬ VI-M | AR45: =CONCATENATE(AS45,AU45) -> VŨ KHÚCTÝ | AS45: VŨ KHÚC | AT45: V | AU45: TÝ | AV45: =CONCATENATE(AS45," ",AT45) -> VŨ KHÚC V | AX45: =CONCATENATE("L.",AN45) -> L.TỬ VITHÂN | AY45: =CONCATENATE("L.",AO45) -> L.TỬ VI-M | DJ45: =CONCATENATE(DK45,DL45) -> MÃOMÙI | DK45: MÃO | DL45: MÙI | DM45: TUẤT | DO45: PHÚC ĐỨC
A46: MÃO-8 | B46: CUNG MỆNH | C46: NGỌ | I46: =IF(LEFT(RIGHT(L46,2))="-",LEFT(L46,LEN(L46)-LEN(RIGHT(L46,2))),L46) -> THIÊN RIÊU | J46: THÁNG SINH | K46: =MATCH($F$1,OFFSET('AN CÁC SAO CHÍNH TINH'!$A$1,'AN CÁC SAO CHÍNH TINH'!K45,0,1000000),0)+'AN CÁC SAO CHÍNH TINH'!K45 -> 4607 | L46: {=INDEX($B:$B,K46)} -> THIÊN RIÊU | M46: {=INDEX($C:$C,K46)} -> Mùi | N46: =VLOOKUP(M46,$M$3:$N$14,2,0) -> CUNG TẬT ÁCH | U46: DƯƠNG NAMKM 4 CỤC | V46: SUY | W46: TUẤT | Z46: AN NGUYỆT VẬN TRONG THIÊN BÀN | AA46: =MATCH($Y$1,OFFSET($U$1,'AN CÁC SAO CHÍNH TINH'!AA45,0,1000000),0)+'AN CÁC SAO CHÍNH TINH'!AA45 -> 996 | AB46: {=INDEX($W:$W,AA46)} -> DẬU | AC46: {=INDEX($V:$V,AA46)} -> MÙI | AH46: 53 | AI46: THÁI BẠCH - HÀNH KIM | AJ46: THÁI ÂM- HÀNH THỦY | AN46: TỬ VIDẬU | AO46: TỬ VI-B | AP46: TỬ VI B | AQ46: =CONCATENATE(TRIM(LEFT(AP46,LEN(AP46)-LEN(RIGHT(AP46)))),"-",RIGHT(AP46)) -> TỬ VI-B | AR46: =CONCATENATE(AS46,AU46) -> VŨ KHÚCNGỌ | AS46: VŨ KHÚC | AT46: V | AU46: NGỌ | AV46: =CONCATENATE(AS46," ",AT46) -> VŨ KHÚC V | AX46: =CONCATENATE("L.",AN46) -> L.TỬ VIDẬU | AY46: =CONCATENATE("L.",AO46) -> L.TỬ VI-B | DJ46: =CONCATENATE(DK46,DL46) -> MÃOTHÂN | DK46: MÃO | DL46: THÂN | DM46: HỢI | DO46: PHƯỢNG CÁC
A47: MÃO-9 | B47: CUNG MỆNH | C47: MÙI | I47: =IF(LEFT(RIGHT(L47,2))="-",LEFT(L47,LEN(L47)-LEN(RIGHT(L47,2))),L47) -> THIÊN Y | J47: THÁNG SINH | K47: =MATCH($F$1,OFFSET('AN CÁC SAO CHÍNH TINH'!$A$1,'AN CÁC SAO CHÍNH TINH'!K46,0,1000000),0)+'AN CÁC SAO CHÍNH TINH'!K46 -> 4619 | L47: {=INDEX($B:$B,K47)} -> THIÊN Y | M47: {=INDEX($C:$C,K47)} -> Mùi | N47: =VLOOKUP(M47,$M$3:$N$14,2,0) -> CUNG TẬT ÁCH | U47: DƯƠNG NAMKM 4 CỤC | V47: ĐẾ VƯỢNG | W47: DẬU | Z47: AN NGUYỆT VẬN TRONG THIÊN BÀN | AA47: =MATCH($Y$1,OFFSET($U$1,'AN CÁC SAO CHÍNH TINH'!AA46,0,1000000),0)+'AN CÁC SAO CHÍNH TINH'!AA46 -> 997 | AB47: {=INDEX($W:$W,AA47)} -> TUẤT | AC47: {=INDEX($V:$V,AA47)} -> NGỌ | AH47: 54 | AI47: THỦY DIỆU - HÀNH THỦY | AJ47: MỘC ĐỨC- HÀNH MỘC | AN47: TỬ VITUẤT | AO47: TỬ VI-V | AP47: TỬ VI V | AQ47: =CONCATENATE(TRIM(LEFT(AP47,LEN(AP47)-LEN(RIGHT(AP47)))),"-",RIGHT(AP47)) -> TỬ VI-V | AR47: =CONCATENATE(AS47,AU47) -> VŨ KHÚCMÃO | AS47: VŨ KHÚC | AT47: Đ | AU47: MÃO | AV47: =CONCATENATE(AS47," ",AT47) -> VŨ KHÚC Đ | AX47: =CONCATENATE("L.",AN47) -> L.TỬ VITUẤT | AY47: =CONCATENATE("L.",AO47) -> L.TỬ VI-V | DJ47: =CONCATENATE(DK47,DL47) -> MÃODẬU | DK47: MÃO | DL47: DẬU | DM47: TÝ | DO47: QUẢ TÚ
A48: MÃO-10 | B48: CUNG MỆNH | C48: THÂN | I48: =IF(LEFT(RIGHT(L48,2))="-",LEFT(L48,LEN(L48)-LEN(RIGHT(L48,2))),L48) -> THIÊN GIẢI | J48: THÁNG SINH | K48: =MATCH($F$1,OFFSET('AN CÁC SAO CHÍNH TINH'!$A$1,'AN CÁC SAO CHÍNH TINH'!K47,0,1000000),0)+'AN CÁC SAO CHÍNH TINH'!K47 -> 4631 | L48: {=INDEX($B:$B,K48)} -> THIÊN GIẢI | M48: {=INDEX($C:$C,K48)} -> Dần | N48: =VLOOKUP(M48,$M$3:$N$14,2,0) -> CUNG PHÚC ĐỨC | U48: DƯƠNG NAMKM 4 CỤC | V48: LÂM QUAN | W48: THÂN | Z48: AN NGUYỆT VẬN TRONG THIÊN BÀN | AA48: =MATCH($Y$1,OFFSET($U$1,'AN CÁC SAO CHÍNH TINH'!AA47,0,1000000),0)+'AN CÁC SAO CHÍNH TINH'!AA47 -> 998 | AB48: {=INDEX($W:$W,AA48)} -> HỢI | AC48: {=INDEX($V:$V,AA48)} -> TỴ | AH48: 55 | AI48: KẾ ĐÔ - HÀNH THỔ | AJ48: LA HẦU - HÀNH KIM | AN48: TỬ VIHỢI | AO48: TỬ VI-B | AP48: TỬ VI B | AQ48: =CONCATENATE(TRIM(LEFT(AP48,LEN(AP48)-LEN(RIGHT(AP48)))),"-",RIGHT(AP48)) -> TỬ VI-B | AR48: =CONCATENATE(AS48,AU48) -> VŨ KHÚCDẬU | AS48: VŨ KHÚC | AT48: Đ | AU48: DẬU | AV48: =CONCATENATE(AS48," ",AT48) -> VŨ KHÚC Đ | AX48: =CONCATENATE("L.",AN48) -> L.TỬ VIHỢI | AY48: =CONCATENATE("L.",AO48) -> L.TỬ VI-B | DJ48: =CONCATENATE(DK48,DL48) -> MÃOTUẤT | DK48: MÃO | DL48: TUẤT | DM48: SỬU | DO48: QUAN PHÙ
A49: MÃO-11 | B49: CUNG MỆNH | C49: DẬU | I49: =IF(LEFT(RIGHT(L49,2))="-",LEFT(L49,LEN(L49)-LEN(RIGHT(L49,2))),L49) -> ĐỊA GIẢI | J49: THÁNG SINH | K49: =MATCH($F$1,OFFSET('AN CÁC SAO CHÍNH TINH'!$A$1,'AN CÁC SAO CHÍNH TINH'!K48,0,1000000),0)+'AN CÁC SAO CHÍNH TINH'!K48 -> 4643 | L49: {=INDEX($B:$B,K49)} -> ĐỊA GIẢI | M49: {=INDEX($C:$C,K49)} -> SỬU | N49: =VLOOKUP(M49,$M$3:$N$14,2,0) -> CUNG PHỤ MẪU | U49: DƯƠNG NAMKM 4 CỤC | V49: QUAN ĐỚI | W49: MÙI | Z49: AN NGUYỆT VẬN TRONG THIÊN BÀN | AA49: =MATCH($Y$1,OFFSET($U$1,'AN CÁC SAO CHÍNH TINH'!AA48,0,1000000),0)+'AN CÁC SAO CHÍNH TINH'!AA48 -> #N/A | AB49: {=INDEX($W:$W,AA49)} -> #N/A | AC49: {=INDEX($V:$V,AA49)} -> #N/A | AH49: 56 | AI49: VÂN HỚN - HÀNH HỎA | AJ49: THỔ TÚ - HÀNH THỔ | AN49: LIÊM TRINHTHÌN | AO49: LIÊM TRINH-M | AP49: LIÊM TRINH M | AQ49: =CONCATENATE(TRIM(LEFT(AP49,LEN(AP49)-LEN(RIGHT(AP49)))),"-",RIGHT(AP49)) -> LIÊM TRINH-M | AR49: =CONCATENATE(AS49,AU49) -> VŨ KHÚCTỴ | AS49: VŨ KHÚC | AT49: H | AU49: TỴ | AV49: =CONCATENATE(AS49," ",AT49) -> VŨ KHÚC H | AX49: =CONCATENATE("L.",AN49) -> L.LIÊM TRINHTHÌN | AY49: =CONCATENATE("L.",AO49) -> L.LIÊM TRINH-M | DJ49: =CONCATENATE(DK49,DL49) -> MÃOHỢI | DK49: MÃO | DL49: HỢI | DM49: DẦN | DO49: QUAN PHỦ
A50: MÃO-12 | B50: CUNG MỆNH | C50: TUẤT | I50: =IF(LEFT(RIGHT(L50,2))="-",LEFT(L50,LEN(L50)-LEN(RIGHT(L50,2))),L50) -> #N/A | J50: THÁNG SINH | K50: =MATCH($F$1,OFFSET('AN CÁC SAO CHÍNH TINH'!$A$1,'AN CÁC SAO CHÍNH TINH'!K49,0,1000000),0)+'AN CÁC SAO CHÍNH TINH'!K49 -> #N/A | L50: {=INDEX($B:$B,K50)} -> #N/A | M50: {=INDEX($C:$C,K50)} -> #N/A | N50: =VLOOKUP(M50,$M$3:$N$14,2,0) -> #N/A | U50: DƯƠNG NAMKM 4 CỤC | V50: MỘC DỤC | W50: NGỌ | Z50: AN NGUYỆT VẬN TRONG THIÊN BÀN | AA50: =MATCH($Y$1,OFFSET($U$1,'AN CÁC SAO CHÍNH TINH'!AA49,0,1000000),0)+'AN CÁC SAO CHÍNH TINH'!AA49 -> #N/A | AB50: {=INDEX($W:$W,AA50)} -> #N/A | AC50: {=INDEX($V:$V,AA50)} -> #N/A | AH50: 57 | AI50: MỘC ĐỨC- HÀNH MỘC | AJ50: THỦY DIỆU - HÀNH THỦY | AN50: LIÊM TRINHTUẤT | AO50: LIÊM TRINH-M | AP50: LIÊM TRINH M | AQ50: =CONCATENATE(TRIM(LEFT(AP50,LEN(AP50)-LEN(RIGHT(AP50)))),"-",RIGHT(AP50)) -> LIÊM TRINH-M | AR50: =CONCATENATE(AS50,AU50) -> VŨ KHÚCHỢI | AS50: VŨ KHÚC | AT50: H | AU50: HỢI | AV50: =CONCATENATE(AS50," ",AT50) -> VŨ KHÚC H | AX50: =CONCATENATE("L.",AN50) -> L.LIÊM TRINHTUẤT | AY50: =CONCATENATE("L.",AO50) -> L.LIÊM TRINH-M | DJ50: =CONCATENATE(DK50,DL50) -> THÌNTÝ | DK50: THÌN | DL50: TÝ | DM50: THÌN | DO50: QUỐC ẤN
A51: THÌN-1 | B51: CUNG MỆNH | C51: TUẤT | I51: =IF(LEFT(RIGHT(L51,2))="-",LEFT(L51,LEN(L51)-LEN(RIGHT(L51,2))),L51) -> #N/A | J51: THÁNG SINH | K51: =MATCH($F$1,OFFSET('AN CÁC SAO CHÍNH TINH'!$A$1,'AN CÁC SAO CHÍNH TINH'!K50,0,1000000),0)+'AN CÁC SAO CHÍNH TINH'!K50 -> #N/A | L51: {=INDEX($B:$B,K51)} -> #N/A | M51: {=INDEX($C:$C,K51)} -> #N/A | N51: =VLOOKUP(M51,$M$3:$N$14,2,0) -> #N/A | U51: DƯƠNG NAMMỘC 3 CỤC | V51: TRƯỜNG SINH | W51: HỢI | AH51: 58 | AI51: THÁI ÂM- HÀNH THỦY | AJ51: THÁI BẠCH - HÀNH KIM | AN51: LIÊM TRINHTÝ | AO51: LIÊM TRINH-V | AP51: LIÊM TRINH V | AQ51: =CONCATENATE(TRIM(LEFT(AP51,LEN(AP51)-LEN(RIGHT(AP51)))),"-",RIGHT(AP51)) -> LIÊM TRINH-V | AR51: =CONCATENATE(AS51,AU51) -> THÁI DƯƠNGTỴ | AS51: THÁI DƯƠNG | AT51: M | AU51: TỴ | AV51: =CONCATENATE(AS51," ",AT51) -> THÁI DƯƠNG M | AX51: =CONCATENATE("L.",AN51) -> L.LIÊM TRINHTÝ | AY51: =CONCATENATE("L.",AO51) -> L.LIÊM TRINH-V | DJ51: =CONCATENATE(DK51,DL51) -> THÌNSỬU | DK51: THÌN | DL51: SỬU | DM51: TỴ | DO51: TẢ PHÙ
A52: THÌN-2 | B52: CUNG MỆNH | C52: HỢI | I52: =IF(LEFT(RIGHT(L52,2))="-",LEFT(L52,LEN(L52)-LEN(RIGHT(L52,2))),L52) -> #N/A | J52: THÁNG SINH | K52: =MATCH($F$1,OFFSET('AN CÁC SAO CHÍNH TINH'!$A$1,'AN CÁC SAO CHÍNH TINH'!K51,0,1000000),0)+'AN CÁC SAO CHÍNH TINH'!K51 -> #N/A | L52: {=INDEX($B:$B,K52)} -> #N/A | M52: {=INDEX($C:$C,K52)} -> #N/A | N52: =VLOOKUP(M52,$M$3:$N$14,2,0) -> #N/A | U52: DƯƠNG NAMMỘC 3 CỤC | V52: DƯỠNG | W52: TUẤT | Z52: AN LƯU TIỂU HẠN | AA52: =MATCH($Y$2,OFFSET($U$1,'AN CÁC SAO CHÍNH TINH'!AA51,0,1000000),0)+'AN CÁC SAO CHÍNH TINH'!AA51 -> 1286 | AB52: {=INDEX($W:$W,AA52)} -> HỢI | AC52: =VLOOKUP($AB$52,$M$3:$N$14,2,0) -> CUNG HUYNH ĐỆ | AH52: 59 | AI52: THỔ TÚ - HÀNH THỔ | AJ52: THÁI DƯƠNG - HÀNH HỎA | AN52: LIÊM TRINHNGỌ | AO52: LIÊM TRINH-V | AP52: LIÊM TRINH V | AQ52: =CONCATENATE(TRIM(LEFT(AP52,LEN(AP52)-LEN(RIGHT(AP52)))),"-",RIGHT(AP52)) -> LIÊM TRINH-V | AR52: =CONCATENATE(AS52,AU52) -> THÁI DƯƠNGNGỌ | AS52: THÁI DƯƠNG | AT52: M | AU52: NGỌ | AV52: =CONCATENATE(AS52," ",AT52) -> THÁI DƯƠNG M | AX52: =CONCATENATE("L.",AN52) -> L.LIÊM TRINHNGỌ | AY52: =CONCATENATE("L.",AO52) -> L.LIÊM TRINH-V | DJ52: =CONCATENATE(DK52,DL52) -> THÌNDẦN | DK52: THÌN | DL52: DẦN | DM52: NGỌ | DO52: TAM THAI
A53: THÌN-3 | B53: CUNG MỆNH | C53: TÝ | I53: =IF(LEFT(RIGHT(L53,2))="-",LEFT(L53,LEN(L53)-LEN(RIGHT(L53,2))),L53) -> #N/A | J53: THÁNG SINH | K53: =MATCH($F$1,OFFSET('AN CÁC SAO CHÍNH TINH'!$A$1,'AN CÁC SAO CHÍNH TINH'!K52,0,1000000),0)+'AN CÁC SAO CHÍNH TINH'!K52 -> #N/A | L53: {=INDEX($B:$B,K53)} -> #N/A | M53: {=INDEX($C:$C,K53)} -> #N/A | N53: =VLOOKUP(M53,$M$3:$N$14,2,0) -> #N/A | U53: DƯƠNG NAMMỘC 3 CỤC | V53: THAI | W53: DẬU | Z53: AN LƯU TIỂU HẠN | AA53: =MATCH($Y$2,OFFSET($U$1,'AN CÁC SAO CHÍNH TINH'!AA52,0,1000000),0)+'AN CÁC SAO CHÍNH TINH'!AA52 -> #N/A | AB53: {=INDEX($W:$W,AA53)} -> #N/A | AC53: =VLOOKUP($AB$53,$M$3:$N$14,2,0) -> #N/A | AH53: 60 | AI53: LA HẦU - HÀNH KIM | AJ53: VÂN HỚN - HÀNH HỎA | AN53: LIÊM TRINHDẦN | AO53: LIÊM TRINH-V | AP53: LIÊM TRINH V | AQ53: =CONCATENATE(TRIM(LEFT(AP53,LEN(AP53)-LEN(RIGHT(AP53)))),"-",RIGHT(AP53)) -> LIÊM TRINH-V | AR53: =CONCATENATE(AS53,AU53) -> THÁI DƯƠNGDẦN | AS53: THÁI DƯƠNG | AT53: V | AU53: DẦN | AV53: =CONCATENATE(AS53," ",AT53) -> THÁI DƯƠNG V | AX53: =CONCATENATE("L.",AN53) -> L.LIÊM TRINHDẦN | AY53: =CONCATENATE("L.",AO53) -> L.LIÊM TRINH-V | DJ53: =CONCATENATE(DK53,DL53) -> THÌNMÃO | DK53: THÌN | DL53: MÃO | DM53: MÙI | DO53: TANG MÔN
A54: THÌN-4 | B54: CUNG MỆNH | C54: SỬU | I54: =IF(LEFT(RIGHT(L54,2))="-",LEFT(L54,LEN(L54)-LEN(RIGHT(L54,2))),L54) -> #N/A | J54: THÁNG SINH | K54: =MATCH($F$1,OFFSET('AN CÁC SAO CHÍNH TINH'!$A$1,'AN CÁC SAO CHÍNH TINH'!K53,0,1000000),0)+'AN CÁC SAO CHÍNH TINH'!K53 -> #N/A | L54: {=INDEX($B:$B,K54)} -> #N/A | M54: {=INDEX($C:$C,K54)} -> #N/A | N54: =VLOOKUP(M54,$M$3:$N$14,2,0) -> #N/A | U54: DƯƠNG NAMMỘC 3 CỤC | V54: TUYỆT | W54: THÂN | Z54: AN LƯU TIỂU HẠN | AA54: =MATCH($Y$2,OFFSET($U$1,'AN CÁC SAO CHÍNH TINH'!AA53,0,1000000),0)+'AN CÁC SAO CHÍNH TINH'!AA53 -> #N/A | AB54: {=INDEX($W:$W,AA54)} -> #N/A | AC54: =VLOOKUP($AB$54,$M$3:$N$14,2,0) -> #N/A | AH54: 61 | AI54: THÁI DƯƠNG - HÀNH HỎA | AJ54: KẾ ĐÔ - HÀNH THỔ | AN54: LIÊM TRINHTHÂN | AO54: LIÊM TRINH-V | AP54: LIÊM TRINH V | AQ54: =CONCATENATE(TRIM(LEFT(AP54,LEN(AP54)-LEN(RIGHT(AP54)))),"-",RIGHT(AP54)) -> LIÊM TRINH-V | AR54: =CONCATENATE(AS54,AU54) -> THÁI DƯƠNGMÃO | AS54: THÁI DƯƠNG | AT54: V | AU54: MÃO | AV54: =CONCATENATE(AS54," ",AT54) -> THÁI DƯƠNG V | AX54: =CONCATENATE("L.",AN54) -> L.LIÊM TRINHTHÂN | AY54: =CONCATENATE("L.",AO54) -> L.LIÊM TRINH-V | DJ54: =CONCATENATE(DK54,DL54) -> THÌNTHÌN | DK54: THÌN | DL54: THÌN | DM54: THÂN | DO54: TẤU THƯ
A55: THÌN-5 | B55: CUNG MỆNH | C55: DẦN | I55: =IF(LEFT(RIGHT(L55,2))="-",LEFT(L55,LEN(L55)-LEN(RIGHT(L55,2))),L55) -> 0 | N55: =VLOOKUP(M55,$M$3:$N$14,2,0) -> #N/A | U55: DƯƠNG NAMMỘC 3 CỤC | V55: MỘ | W55: MÙI | AH55: 62 | AI55: THÁI BẠCH - HÀNH KIM | AJ55: THÁI ÂM- HÀNH THỦY | AN55: LIÊM TRINHSỬU | AO55: LIÊM TRINH-Đ | AP55: LIÊM TRINH Đ | AQ55: =CONCATENATE(TRIM(LEFT(AP55,LEN(AP55)-LEN(RIGHT(AP55)))),"-",RIGHT(AP55)) -> LIÊM TRINH-Đ | AR55: =CONCATENATE(AS55,AU55) -> THÁI DƯƠNGTHÌN | AS55: THÁI DƯƠNG | AT55: V | AU55: THÌN | AV55: =CONCATENATE(AS55," ",AT55) -> THÁI DƯƠNG V | AX55: =CONCATENATE("L.",AN55) -> L.LIÊM TRINHSỬU | AY55: =CONCATENATE("L.",AO55) -> L.LIÊM TRINH-Đ | DJ55: =CONCATENATE(DK55,DL55) -> THÌNTỴ | DK55: THÌN | DL55: TỴ | DM55: DẬU | DO55: THÁI ÂM
A56: THÌN-6 | B56: CUNG MỆNH | C56: MÃO | I56: =IF(LEFT(RIGHT(L56,2))="-",LEFT(L56,LEN(L56)-LEN(RIGHT(L56,2))),L56) -> VĂN XƯƠNG | J56: GIỜ SINH | K56: =MATCH($G$1,OFFSET('AN CÁC SAO CHÍNH TINH'!$A$1,'AN CÁC SAO CHÍNH TINH'!K55,0,1000000),0)+'AN CÁC SAO CHÍNH TINH'!K55 -> 4657 | L56: {=INDEX($B:$B,K56)} -> VĂN XƯƠNG | M56: {=INDEX($C:$C,K56)} -> Dần | N56: =VLOOKUP(M56,$M$3:$N$14,2,0) -> CUNG PHÚC ĐỨC | U56: DƯƠNG NAMMỘC 3 CỤC | V56: TỬ | W56: NGỌ | AH56: 63 | AI56: THỦY DIỆU - HÀNH THỦY | AJ56: MỘC ĐỨC- HÀNH MỘC | AN56: LIÊM TRINHMÙI | AO56: LIÊM TRINH-Đ | AP56: LIÊM TRINH Đ | AQ56: =CONCATENATE(TRIM(LEFT(AP56,LEN(AP56)-LEN(RIGHT(AP56)))),"-",RIGHT(AP56)) -> LIÊM TRINH-Đ | AR56: =CONCATENATE(AS56,AU56) -> THÁI DƯƠNGSỬU | AS56: THÁI DƯƠNG | AT56: Đ | AU56: SỬU | AV56: =CONCATENATE(AS56," ",AT56) -> THÁI DƯƠNG Đ | AX56: =CONCATENATE("L.",AN56) -> L.LIÊM TRINHMÙI | AY56: =CONCATENATE("L.",AO56) -> L.LIÊM TRINH-Đ | DJ56: =CONCATENATE(DK56,DL56) -> THÌNNGỌ | DK56: THÌN | DL56: NGỌ | DM56: TUẤT | DO56: THÁI DƯƠNG
A57: THÌN-7 | B57: CUNG MỆNH | C57: THÌN | I57: =IF(LEFT(RIGHT(L57,2))="-",LEFT(L57,LEN(L57)-LEN(RIGHT(L57,2))),L57) -> VĂN KHÚC | J57: GIỜ SINH | K57: =MATCH($G$1,OFFSET('AN CÁC SAO CHÍNH TINH'!$A$1,'AN CÁC SAO CHÍNH TINH'!K56,0,1000000),0)+'AN CÁC SAO CHÍNH TINH'!K56 -> 4669 | L57: {=INDEX($B:$B,K57)} -> VĂN KHÚC | M57: {=INDEX($C:$C,K57)} -> TÝ | N57: =VLOOKUP(M57,$M$3:$N$14,2,0) -> CUNG MỆNH | U57: DƯƠNG NAMMỘC 3 CỤC | V57: BỆNH | W57: TỴ | AH57: 64 | AI57: KẾ ĐÔ - HÀNH THỔ | AJ57: LA HẦU - HÀNH KIM | AN57: LIÊM TRINHTỴ | AO57: LIÊM TRINH-H | AP57: LIÊM TRINH H | AQ57: =CONCATENATE(TRIM(LEFT(AP57,LEN(AP57)-LEN(RIGHT(AP57)))),"-",RIGHT(AP57)) -> LIÊM TRINH-H | AR57: =CONCATENATE(AS57,AU57) -> THÁI DƯƠNGMÙI | AS57: THÁI DƯƠNG | AT57: Đ | AU57: MÙI | AV57: =CONCATENATE(AS57," ",AT57) -> THÁI DƯƠNG Đ | AX57: =CONCATENATE("L.",AN57) -> L.LIÊM TRINHTỴ | AY57: =CONCATENATE("L.",AO57) -> L.LIÊM TRINH-H | DJ57: =CONCATENATE(DK57,DL57) -> THÌNMÙI | DK57: THÌN | DL57: MÙI | DM57: HỢI | DO57: THAI PHỤ
A58: THÌN-8 | B58: CUNG MỆNH | C58: TỴ | I58: =IF(LEFT(RIGHT(L58,2))="-",LEFT(L58,LEN(L58)-LEN(RIGHT(L58,2))),L58) -> THAI PHỤ | J58: GIỜ SINH | K58: =MATCH($G$1,OFFSET('AN CÁC SAO CHÍNH TINH'!$A$1,'AN CÁC SAO CHÍNH TINH'!K57,0,1000000),0)+'AN CÁC SAO CHÍNH TINH'!K57 -> 4681 | L58: {=INDEX($B:$B,K58)} -> THAI PHỤ | M58: {=INDEX($C:$C,K58)} -> Dần | N58: =VLOOKUP(M58,$M$3:$N$14,2,0) -> CUNG PHÚC ĐỨC | U58: DƯƠNG NAMMỘC 3 CỤC | V58: SUY | W58: THÌN | AH58: 65 | AI58: VÂN HỚN - HÀNH HỎA | AJ58: THỔ TÚ - HÀNH THỔ | AN58: LIÊM TRINHHỢI | AO58: LIÊM TRINH-H | AP58: LIÊM TRINH H | AQ58: =CONCATENATE(TRIM(LEFT(AP58,LEN(AP58)-LEN(RIGHT(AP58)))),"-",RIGHT(AP58)) -> LIÊM TRINH-H | AR58: =CONCATENATE(AS58,AU58) -> THÁI DƯƠNGTHÂN | AS58: THÁI DƯƠNG | AT58: H | AU58: THÂN | AV58: =CONCATENATE(AS58," ",AT58) -> THÁI DƯƠNG H | AX58: =CONCATENATE("L.",AN58) -> L.LIÊM TRINHHỢI | AY58: =CONCATENATE("L.",AO58) -> L.LIÊM TRINH-H | DJ58: =CONCATENATE(DK58,DL58) -> THÌNTHÂN | DK58: THÌN | DL58: THÂN | DM58: TÝ | DO58: THÁI TUẾ
A59: THÌN-9 | B59: CUNG MỆNH | C59: NGỌ | I59: =IF(LEFT(RIGHT(L59,2))="-",LEFT(L59,LEN(L59)-LEN(RIGHT(L59,2))),L59) -> PHONG CÁO | J59: GIỜ SINH | K59: =MATCH($G$1,OFFSET('AN CÁC SAO CHÍNH TINH'!$A$1,'AN CÁC SAO CHÍNH TINH'!K58,0,1000000),0)+'AN CÁC SAO CHÍNH TINH'!K58 -> 4693 | L59: {=INDEX($B:$B,K59)} -> PHONG CÁO | M59: {=INDEX($C:$C,K59)} -> Tuất | N59: =VLOOKUP(M59,$M$3:$N$14,2,0) -> CUNG PHU/THÊ | U59: DƯƠNG NAMMỘC 3 CỤC | V59: ĐẾ VƯỢNG | W59: MÃO | AH59: 66 | AI59: MỘC ĐỨC- HÀNH MỘC | AJ59: THỦY DIỆU - HÀNH THỦY | AN59: LIÊM TRINHMÃO | AO59: LIÊM TRINH-H | AP59: LIÊM TRINH H | AQ59: =CONCATENATE(TRIM(LEFT(AP59,LEN(AP59)-LEN(RIGHT(AP59)))),"-",RIGHT(AP59)) -> LIÊM TRINH-H | AR59: =CONCATENATE(AS59,AU59) -> THÁI DƯƠNGDẬU | AS59: THÁI DƯƠNG | AT59: H | AU59: DẬU | AV59: =CONCATENATE(AS59," ",AT59) -> THÁI DƯƠNG H | AX59: =CONCATENATE("L.",AN59) -> L.LIÊM TRINHMÃO | AY59: =CONCATENATE("L.",AO59) -> L.LIÊM TRINH-H | DJ59: =CONCATENATE(DK59,DL59) -> THÌNDẬU | DK59: THÌN | DL59: DẬU | DM59: SỬU | DO59: THAM LANG
A60: THÌN-10 | B60: CUNG MỆNH | C60: MÙI | I60: =IF(LEFT(RIGHT(L60,2))="-",LEFT(L60,LEN(L60)-LEN(RIGHT(L60,2))),L60) -> ĐỊA KHÔNG | J60: GIỜ SINH | K60: =MATCH($G$1,OFFSET('AN CÁC SAO CHÍNH TINH'!$A$1,'AN CÁC SAO CHÍNH TINH'!K59,0,1000000),0)+'AN CÁC SAO CHÍNH TINH'!K59 -> 4705 | L60: {=INDEX($B:$B,K60)} -> ĐỊA KHÔNG | M60: {=INDEX($C:$C,K60)} -> MÃO | N60: =VLOOKUP(M60,$M$3:$N$14,2,0) -> CUNG ĐIỀN TRẠCH | U60: DƯƠNG NAMMỘC 3 CỤC | V60: LÂM QUAN | W60: DẦN | AH60: 67 | AI60: THÁI ÂM- HÀNH THỦY | AJ60: THÁI BẠCH - HÀNH KIM | AN60: LIÊM TRINHDẬU | AO60: LIÊM TRINH-H | AP60: LIÊM TRINH H | AQ60: =CONCATENATE(TRIM(LEFT(AP60,LEN(AP60)-LEN(RIGHT(AP60)))),"-",RIGHT(AP60)) -> LIÊM TRINH-H | AR60: =CONCATENATE(AS60,AU60) -> THÁI DƯƠNGTUẤT | AS60: THÁI DƯƠNG | AT60: H | AU60: TUẤT | AV60: =CONCATENATE(AS60," ",AT60) -> THÁI DƯƠNG H | AX60: =CONCATENATE("L.",AN60) -> L.LIÊM TRINHDẬU | AY60: =CONCATENATE("L.",AO60) -> L.LIÊM TRINH-H | DJ60: =CONCATENATE(DK60,DL60) -> THÌNTUẤT | DK60: THÌN | DL60: TUẤT | DM60: DẦN | DO60: THANH LONG
A61: THÌN-11 | B61: CUNG MỆNH | C61: THÂN | I61: =IF(LEFT(RIGHT(L61,2))="-",LEFT(L61,LEN(L61)-LEN(RIGHT(L61,2))),L61) -> ĐỊA KIẾP | J61: GIỜ SINH | K61: =MATCH($G$1,OFFSET('AN CÁC SAO CHÍNH TINH'!$A$1,'AN CÁC SAO CHÍNH TINH'!K60,0,1000000),0)+'AN CÁC SAO CHÍNH TINH'!K60 -> 4717 | L61: {=INDEX($B:$B,K61)} -> ĐỊA KIẾP | M61: {=INDEX($C:$C,K61)} -> Mùi | N61: =VLOOKUP(M61,$M$3:$N$14,2,0) -> CUNG TẬT ÁCH | U61: DƯƠNG NAMMỘC 3 CỤC | V61: QUAN ĐỚI | W61: SỬU | AH61: 68 | AI61: THỔ TÚ - HÀNH THỔ | AJ61: THÁI DƯƠNG - HÀNH HỎA | AN61: THIÊN ĐỒNGDẦN | AO61: THIÊN ĐỒNG-M | AP61: THIÊN ĐỒNG M | AQ61: =CONCATENATE(TRIM(LEFT(AP61,LEN(AP61)-LEN(RIGHT(AP61)))),"-",RIGHT(AP61)) -> THIÊN ĐỒNG-M | AR61: =CONCATENATE(AS61,AU61) -> THÁI DƯƠNGHỢI | AS61: THÁI DƯƠNG | AT61: H | AU61: HỢI | AV61: =CONCATENATE(AS61," ",AT61) -> THÁI DƯƠNG H | AX61: =CONCATENATE("L.",AN61) -> L.THIÊN ĐỒNGDẦN | AY61: =CONCATENATE("L.",AO61) -> L.THIÊN ĐỒNG-M | DJ61: =CONCATENATE(DK61,DL61) -> THÌNHỢI | DK61: THÌN | DL61: HỢI | DM61: MÃO | DO61: THẤT SÁT
A62: THÌN-12 | B62: CUNG MỆNH | C62: DẬU | I62: =IF(LEFT(RIGHT(L62,2))="-",LEFT(L62,LEN(L62)-LEN(RIGHT(L62,2))),L62) -> #N/A | J62: GIỜ SINH | K62: =MATCH($G$1,OFFSET('AN CÁC SAO CHÍNH TINH'!$A$1,'AN CÁC SAO CHÍNH TINH'!K61,0,1000000),0)+'AN CÁC SAO CHÍNH TINH'!K61 -> #N/A | L62: {=INDEX($B:$B,K62)} -> #N/A | M62: {=INDEX($C:$C,K62)} -> #N/A | N62: =VLOOKUP(M62,$M$3:$N$14,2,0) -> #N/A | U62: DƯƠNG NAMMỘC 3 CỤC | V62: MỘC DỤC | W62: TÝ | AH62: 69 | AI62: LA HẦU - HÀNH KIM | AJ62: VÂN HỚN - HÀNH HỎA | AN62: THIÊN ĐỒNGTHÂN | AO62: THIÊN ĐỒNG-M | AP62: THIÊN ĐỒNG M | AQ62: =CONCATENATE(TRIM(LEFT(AP62,LEN(AP62)-LEN(RIGHT(AP62)))),"-",RIGHT(AP62)) -> THIÊN ĐỒNG-M | AR62: =CONCATENATE(AS62,AU62) -> THÁI DƯƠNGTÝ | AS62: THÁI DƯƠNG | AT62: H | AU62: TÝ | AV62: =CONCATENATE(AS62," ",AT62) -> THÁI DƯƠNG H | AX62: =CONCATENATE("L.",AN62) -> L.THIÊN ĐỒNGTHÂN | AY62: =CONCATENATE("L.",AO62) -> L.THIÊN ĐỒNG-M | DJ62: =CONCATENATE(DK62,DL62) -> TỴTÝ | DK62: TỴ | DL62: TÝ | DM62: TỴ | DO62: THIÊN CƠ
A63: TỴ-1 | B63: CUNG MỆNH | C63: DẬU | I63: =IF(LEFT(RIGHT(L63,2))="-",LEFT(L63,LEN(L63)-LEN(RIGHT(L63,2))),L63) -> #N/A | J63: GIỜ SINH | K63: =MATCH($G$1,OFFSET('AN CÁC SAO CHÍNH TINH'!$A$1,'AN CÁC SAO CHÍNH TINH'!K62,0,1000000),0)+'AN CÁC SAO CHÍNH TINH'!K62 -> #N/A | L63: {=INDEX($B:$B,K63)} -> #N/A | M63: {=INDEX($C:$C,K63)} -> #N/A | N63: =VLOOKUP(M63,$M$3:$N$14,2,0) -> #N/A | U63: ÂM NAMTHỦY 2 CỤC | V63: TRƯỜNG SINH | W63: THÂN | AH63: 70 | AI63: THÁI DƯƠNG - HÀNH HỎA | AJ63: KẾ ĐÔ - HÀNH THỔ | AN63: THIÊN ĐỒNGTÝ | AO63: THIÊN ĐỒNG-V | AP63: THIÊN ĐỒNG V | AQ63: =CONCATENATE(TRIM(LEFT(AP63,LEN(AP63)-LEN(RIGHT(AP63)))),"-",RIGHT(AP63)) -> THIÊN ĐỒNG-V | AR63: =CONCATENATE(AS63,AU63) -> THIÊN CƠTHÌN | AS63: THIÊN CƠ | AT63: M | AU63: THÌN | AV63: =CONCATENATE(AS63," ",AT63) -> THIÊN CƠ M | AX63: =CONCATENATE("L.",AN63) -> L.THIÊN ĐỒNGTÝ | AY63: =CONCATENATE("L.",AO63) -> L.THIÊN ĐỒNG-V | DJ63: =CONCATENATE(DK63,DL63) -> TỴSỬU | DK63: TỴ | DL63: SỬU | DM63: NGỌ | DO63: THIÊN ĐỒNG
A64: TỴ-2 | B64: CUNG MỆNH | C64: TUẤT | I64: =IF(LEFT(RIGHT(L64,2))="-",LEFT(L64,LEN(L64)-LEN(RIGHT(L64,2))),L64) -> #N/A | J64: GIỜ SINH | K64: =MATCH($G$1,OFFSET('AN CÁC SAO CHÍNH TINH'!$A$1,'AN CÁC SAO CHÍNH TINH'!K63,0,1000000),0)+'AN CÁC SAO CHÍNH TINH'!K63 -> #N/A | L64: {=INDEX($B:$B,K64)} -> #N/A | M64: {=INDEX($C:$C,K64)} -> #N/A | N64: =VLOOKUP(M64,$M$3:$N$14,2,0) -> #N/A | U64: ÂM NAMTHỦY 2 CỤC | V64: DƯỠNG | W64: DẬU | AH64: 71 | AI64: THÁI BẠCH - HÀNH KIM | AJ64: THÁI ÂM- HÀNH THỦY | AN64: THIÊN ĐỒNGMÃO | AO64: THIÊN ĐỒNG-Đ | AP64: THIÊN ĐỒNG Đ | AQ64: =CONCATENATE(TRIM(LEFT(AP64,LEN(AP64)-LEN(RIGHT(AP64)))),"-",RIGHT(AP64)) -> THIÊN ĐỒNG-Đ | AR64: =CONCATENATE(AS64,AU64) -> THIÊN CƠTUẤT | AS64: THIÊN CƠ | AT64: M | AU64: TUẤT | AV64: =CONCATENATE(AS64," ",AT64) -> THIÊN CƠ M | AX64: =CONCATENATE("L.",AN64) -> L.THIÊN ĐỒNGMÃO | AY64: =CONCATENATE("L.",AO64) -> L.THIÊN ĐỒNG-Đ | DJ64: =CONCATENATE(DK64,DL64) -> TỴDẦN | DK64: TỴ | DL64: DẦN | DM64: MÙI | DO64: THIÊN ĐỨC
A65: TỴ-3 | B65: CUNG MỆNH | C65: HỢI | I65: =IF(LEFT(RIGHT(L65,2))="-",LEFT(L65,LEN(L65)-LEN(RIGHT(L65,2))),L65) -> #N/A | J65: GIỜ SINH | K65: =MATCH($G$1,OFFSET('AN CÁC SAO CHÍNH TINH'!$A$1,'AN CÁC SAO CHÍNH TINH'!K64,0,1000000),0)+'AN CÁC SAO CHÍNH TINH'!K64 -> #N/A | L65: {=INDEX($B:$B,K65)} -> #N/A | M65: {=INDEX($C:$C,K65)} -> #N/A | N65: =VLOOKUP(M65,$M$3:$N$14,2,0) -> #N/A | U65: ÂM NAMTHỦY 2 CỤC | V65: THAI | W65: TUẤT | AH65: 72 | AI65: THỦY DIỆU - HÀNH THỦY | AJ65: MỘC ĐỨC- HÀNH MỘC | AN65: THIÊN ĐỒNGTỴ | AO65: THIÊN ĐỒNG-Đ | AP65: THIÊN ĐỒNG Đ | AQ65: =CONCATENATE(TRIM(LEFT(AP65,LEN(AP65)-LEN(RIGHT(AP65)))),"-",RIGHT(AP65)) -> THIÊN ĐỒNG-Đ | AR65: =CONCATENATE(AS65,AU65) -> THIÊN CƠMÃO | AS65: THIÊN CƠ | AT65: M | AU65: MÃO | AV65: =CONCATENATE(AS65," ",AT65) -> THIÊN CƠ M | AX65: =CONCATENATE("L.",AN65) -> L.THIÊN ĐỒNGTỴ | AY65: =CONCATENATE("L.",AO65) -> L.THIÊN ĐỒNG-Đ | DJ65: =CONCATENATE(DK65,DL65) -> TỴMÃO | DK65: TỴ | DL65: MÃO | DM65: THÂN | DO65: THIÊN GIẢI
A66: TỴ-4 | B66: CUNG MỆNH | C66: TÝ | I66: =IF(LEFT(RIGHT(L66,2))="-",LEFT(L66,LEN(L66)-LEN(RIGHT(L66,2))),L66) -> #N/A | J66: GIỜ SINH | K66: =MATCH($G$1,OFFSET('AN CÁC SAO CHÍNH TINH'!$A$1,'AN CÁC SAO CHÍNH TINH'!K65,0,1000000),0)+'AN CÁC SAO CHÍNH TINH'!K65 -> #N/A | L66: {=INDEX($B:$B,K66)} -> #N/A | M66: {=INDEX($C:$C,K66)} -> #N/A | N66: =VLOOKUP(M66,$M$3:$N$14,2,0) -> #N/A | U66: ÂM NAMTHỦY 2 CỤC | V66: TUYỆT | W66: HỢI | AH66: 73 | AI66: KẾ ĐÔ - HÀNH THỔ | AJ66: LA HẦU - HÀNH KIM | AN66: THIÊN ĐỒNGHỢI | AO66: THIÊN ĐỒNG-Đ | AP66: THIÊN ĐỒNG Đ | AQ66: =CONCATENATE(TRIM(LEFT(AP66,LEN(AP66)-LEN(RIGHT(AP66)))),"-",RIGHT(AP66)) -> THIÊN ĐỒNG-Đ | AR66: =CONCATENATE(AS66,AU66) -> THIÊN CƠDẬU | AS66: THIÊN CƠ | AT66: M | AU66: DẬU | AV66: =CONCATENATE(AS66," ",AT66) -> THIÊN CƠ M | AX66: =CONCATENATE("L.",AN66) -> L.THIÊN ĐỒNGHỢI | AY66: =CONCATENATE("L.",AO66) -> L.THIÊN ĐỒNG-Đ | DJ66: =CONCATENATE(DK66,DL66) -> TỴTHÌN | DK66: TỴ | DL66: THÌN | DM66: DẬU | DO66: THIÊN HÌNH
A67: TỴ-5 | B67: CUNG MỆNH | C67: SỬU | I67: =IF(LEFT(RIGHT(L67,2))="-",LEFT(L67,LEN(L67)-LEN(RIGHT(L67,2))),L67) -> #N/A | J67: GIỜ SINH | K67: =MATCH($G$1,OFFSET('AN CÁC SAO CHÍNH TINH'!$A$1,'AN CÁC SAO CHÍNH TINH'!K66,0,1000000),0)+'AN CÁC SAO CHÍNH TINH'!K66 -> #N/A | L67: {=INDEX($B:$B,K67)} -> #N/A | M67: {=INDEX($C:$C,K67)} -> #N/A | N67: =VLOOKUP(M67,$M$3:$N$14,2,0) -> #N/A | U67: ÂM NAMTHỦY 2 CỤC | V67: MỘ | W67: TÝ | AH67: 74 | AI67: VÂN HỚN - HÀNH HỎA | AJ67: THỔ TÚ - HÀNH THỔ | AN67: THIÊN ĐỒNGTHÌN | AO67: THIÊN ĐỒNG-H | AP67: THIÊN ĐỒNG H | AQ67: =CONCATENATE(TRIM(LEFT(AP67,LEN(AP67)-LEN(RIGHT(AP67)))),"-",RIGHT(AP67)) -> THIÊN ĐỒNG-H | AR67: =CONCATENATE(AS67,AU67) -> THIÊN CƠTỴ | AS67: THIÊN CƠ | AT67: V | AU67: TỴ | AV67: =CONCATENATE(AS67," ",AT67) -> THIÊN CƠ V | AX67: =CONCATENATE("L.",AN67) -> L.THIÊN ĐỒNGTHÌN | AY67: =CONCATENATE("L.",AO67) -> L.THIÊN ĐỒNG-H | DJ67: =CONCATENATE(DK67,DL67) -> TỴTỴ | DK67: TỴ | DL67: TỴ | DM67: TUẤT | DO67: THIÊN HƯ
... A69: TỴ-7 | B69: CUNG MỆNH | C69: MÃO | I69: =IF(LEFT(RIGHT(L69,2))="-",LEFT(L69,LEN(L69)-LEN(RIGHT(L69,2))),L69) -> #N/A | J69: GIỜ SINH | K69: =MATCH($G$1,OFFSET('AN CÁC SAO CHÍNH TINH'!$A$1,'AN CÁC SAO CHÍNH TINH'!K68,0,1000000),0)+'AN CÁC SAO CHÍNH TINH'!K68 -> #N/A | L69: {=INDEX($B:$B,K69)} -> #N/A | M69: {=INDEX($C:$C,K69)} -> #N/A | N69: =VLOOKUP(M69,$M$3:$N$14,2,0) -> #N/A | U69: ÂM NAMTHỦY 2 CỤC | V69: BỆNH | W69: DẦN | AH69: 76 | AI69: THÁI ÂM- HÀNH THỦY | AJ69: THÁI BẠCH - HÀNH KIM | AN69: THIÊN ĐỒNGSỬU | AO69: THIÊN ĐỒNG-H | AP69: THIÊN ĐỒNG H | AQ69: =CONCATENATE(TRIM(LEFT(AP69,LEN(AP69)-LEN(RIGHT(AP69)))),"-",RIGHT(AP69)) -> THIÊN ĐỒNG-H | AR69: =CONCATENATE(AS69,AU69) -> THIÊN CƠTÝ | AS69: THIÊN CƠ | AT69: Đ | AU69: TÝ | AV69: =CONCATENATE(AS69," ",AT69) -> THIÊN CƠ Đ | AX69: =CONCATENATE("L.",AN69) -> L.THIÊN ĐỒNGSỬU | AY69: =CONCATENATE("L.",AO69) -> L.THIÊN ĐỒNG-H | DJ69: =CONCATENATE(DK69,DL69) -> TỴMÙI | DK69: TỴ | DL69: MÙI | DM69: TÝ | DO69: THIÊN KHỐC
A70: TỴ-8 | B70: CUNG MỆNH | C70: THÌN | I70: =IF(LEFT(RIGHT(L70,2))="-",LEFT(L70,LEN(L70)-LEN(RIGHT(L70,2))),L70) -> 0 | N70: =VLOOKUP(M70,$M$3:$N$14,2,0) -> #N/A | U70: ÂM NAMTHỦY 2 CỤC | V70: SUY | W70: MÃO | AH70: 77 | AI70: THỔ TÚ - HÀNH THỔ | AJ70: THÁI DƯƠNG - HÀNH HỎA | AN70: THIÊN ĐỒNGMÙI | AO70: THIÊN ĐỒNG-H | AP70: THIÊN ĐỒNG H | AQ70: =CONCATENATE(TRIM(LEFT(AP70,LEN(AP70)-LEN(RIGHT(AP70)))),"-",RIGHT(AP70)) -> THIÊN ĐỒNG-H | AR70: =CONCATENATE(AS70,AU70) -> THIÊN CƠNGỌ | AS70: THIÊN CƠ | AT70: Đ | AU70: NGỌ | AV70: =CONCATENATE(AS70," ",AT70) -> THIÊN CƠ Đ | AX70: =CONCATENATE("L.",AN70) -> L.THIÊN ĐỒNGMÙI | AY70: =CONCATENATE("L.",AO70) -> L.THIÊN ĐỒNG-H | DJ70: =CONCATENATE(DK70,DL70) -> TỴTHÂN | DK70: TỴ | DL70: THÂN | DM70: SỬU | DO70: THIÊN KHÔI
A71: TỴ-9 | B71: CUNG MỆNH | C71: TỴ | I71: =IF(LEFT(RIGHT(L71,2))="-",LEFT(L71,LEN(L71)-LEN(RIGHT(L71,2))),L71) -> 0 | N71: =VLOOKUP(M71,$M$3:$N$14,2,0) -> #N/A | U71: ÂM NAMTHỦY 2 CỤC | V71: ĐẾ VƯỢNG | W71: THÌN | AH71: 78 | AI71: LA HẦU - HÀNH KIM | AJ71: VÂN HỚN - HÀNH HỎA | AN71: THIÊN ĐỒNGNGỌ | AO71: THIÊN ĐỒNG-H | AP71: THIÊN ĐỒNG H | AQ71: =CONCATENATE(TRIM(LEFT(AP71,LEN(AP71)-LEN(RIGHT(AP71)))),"-",RIGHT(AP71)) -> THIÊN ĐỒNG-H | AR71: =CONCATENATE(AS71,AU71) -> THIÊN CƠSỬU | AS71: THIÊN CƠ | AT71: Đ | AU71: SỬU | AV71: =CONCATENATE(AS71," ",AT71) -> THIÊN CƠ Đ | AX71: =CONCATENATE("L.",AN71) -> L.THIÊN ĐỒNGNGỌ | AY71: =CONCATENATE("L.",AO71) -> L.THIÊN ĐỒNG-H | DJ71: =CONCATENATE(DK71,DL71) -> TỴDẬU | DK71: TỴ | DL71: DẬU | DM71: DẦN | DO71: THIÊN KHÔNG
A72: TỴ-10 | B72: CUNG MỆNH | C72: NGỌ | I72: =IF(LEFT(RIGHT(L72,2))="-",LEFT(L72,LEN(L72)-LEN(RIGHT(L72,2))),L72) -> 0 | N72: =VLOOKUP(M72,$M$3:$N$14,2,0) -> #N/A | U72: ÂM NAMTHỦY 2 CỤC | V72: LÂM QUAN | W72: TỴ | AH72: 79 | AI72: THÁI DƯƠNG - HÀNH HỎA | AJ72: KẾ ĐÔ - HÀNH THỔ | AN72: THIÊN ĐỒNGDẬU | AO72: THIÊN ĐỒNG-H | AP72: THIÊN ĐỒNG H | AQ72: =CONCATENATE(TRIM(LEFT(AP72,LEN(AP72)-LEN(RIGHT(AP72)))),"-",RIGHT(AP72)) -> THIÊN ĐỒNG-H | AR72: =CONCATENATE(AS72,AU72) -> THIÊN CƠMÙI | AS72: THIÊN CƠ | AT72: Đ | AU72: MÙI | AV72: =CONCATENATE(AS72," ",AT72) -> THIÊN CƠ Đ | AX72: =CONCATENATE("L.",AN72) -> L.THIÊN ĐỒNGDẬU | AY72: =CONCATENATE("L.",AO72) -> L.THIÊN ĐỒNG-H | DJ72: =CONCATENATE(DK72,DL72) -> TỴTUẤT | DK72: TỴ | DL72: TUẤT | DM72: MÃO | DO72: THIÊN LƯƠNG
A73: TỴ-11 | B73: CUNG MỆNH | C73: MÙI | I73: =IF(LEFT(RIGHT(L73,2))="-",LEFT(L73,LEN(L73)-LEN(RIGHT(L73,2))),L73) -> THIÊN VIỆT | J73: can | K73: =MATCH($I$2,OFFSET('AN CÁC SAO CHÍNH TINH'!$A$1,K41,0,1000000),0)+K41 -> 3938 | L73: {=INDEX($B:$B,K73)} -> THIÊN VIỆT-V | M73: {=INDEX($C:$C,K73)} -> TỴ | N73: =VLOOKUP(M73,$M$3:$N$14,2,0) -> CUNG NÔ BỘC | U73: ÂM NAMTHỦY 2 CỤC | V73: QUAN ĐỚI | W73: NGỌ | AH73: 80 | AI73: THÁI BẠCH - HÀNH KIM | AJ73: THÁI ÂM- HÀNH THỦY | AN73: VŨ KHÚCTHÌN | AO73: VŨ KHÚC-M | AP73: VŨ KHÚC M | AQ73: =CONCATENATE(TRIM(LEFT(AP73,LEN(AP73)-LEN(RIGHT(AP73)))),"-",RIGHT(AP73)) -> VŨ KHÚC-M | AR73: =CONCATENATE(AS73,AU73) -> THIÊN CƠDẦN | AS73: THIÊN CƠ | AT73: H | AU73: DẦN | AV73: =CONCATENATE(AS73," ",AT73) -> THIÊN CƠ H | AX73: =CONCATENATE("L.",AN73) -> L.VŨ KHÚCTHÌN | AY73: =CONCATENATE("L.",AO73) -> L.VŨ KHÚC-M | DJ73: =CONCATENATE(DK73,DL73) -> TỴHỢI | DK73: TỴ | DL73: HỢI | DM73: THÌN | DO73: THIÊN MÃ
A74: TỴ-12 | B74: CUNG MỆNH | C74: THÂN | I74: =IF(LEFT(RIGHT(L74,2))="-",LEFT(L74,LEN(L74)-LEN(RIGHT(L74,2))),L74) -> THIÊN PHÚC | J74: can | K74: =MATCH($I$2,OFFSET('AN CÁC SAO CHÍNH TINH'!$A$1,'AN CÁC SAO CHÍNH TINH'!K73,0,1000000),0)+'AN CÁC SAO CHÍNH TINH'!K73 -> 3939 | L74: {=INDEX($B:$B,K74)} -> THIÊN PHÚC | M74: {=INDEX($C:$C,K74)} -> TỴ | N74: =VLOOKUP(M74,$M$3:$N$14,2,0) -> CUNG NÔ BỘC | U74: ÂM NAMTHỦY 2 CỤC | V74: MỘC DỤC | W74: MÙI | AH74: 81 | AI74: THỦY DIỆU - HÀNH THỦY | AJ74: MỘC ĐỨC- HÀNH MỘC | AN74: VŨ KHÚCTUẤT | AO74: VŨ KHÚC-M | AP74: VŨ KHÚC M | AQ74: =CONCATENATE(TRIM(LEFT(AP74,LEN(AP74)-LEN(RIGHT(AP74)))),"-",RIGHT(AP74)) -> VŨ KHÚC-M | AR74: =CONCATENATE(AS74,AU74) -> THIÊN CƠHỢI | AS74: THIÊN CƠ | AT74: H | AU74: HỢI | AV74: =CONCATENATE(AS74," ",AT74) -> THIÊN CƠ H | AX74: =CONCATENATE("L.",AN74) -> L.VŨ KHÚCTUẤT | AY74: =CONCATENATE("L.",AO74) -> L.VŨ KHÚC-M | DJ74: =CONCATENATE(DK74,DL74) -> NGỌTÝ | DK74: NGỌ | DL74: TÝ | DM74: NGỌ | DO74: THIÊN PHỦ
A75: NGỌ-1 | B75: CUNG MỆNH | C75: THÂN | I75: =IF(LEFT(RIGHT(L75,2))="-",LEFT(L75,LEN(L75)-LEN(RIGHT(L75,2))),L75) -> QUỐC ẤN | J75: can | K75: =MATCH($I$2,OFFSET('AN CÁC SAO CHÍNH TINH'!$A$1,'AN CÁC SAO CHÍNH TINH'!K74,0,1000000),0)+'AN CÁC SAO CHÍNH TINH'!K74 -> 3940 | L75: {=INDEX($B:$B,K75)} -> QUỐC ẤN | M75: {=INDEX($C:$C,K75)} -> THÂN | N75: =VLOOKUP(M75,$M$3:$N$14,2,0) -> CUNG TÀI BẠCH | U75: ÂM NAMTHỔ 5 CỤC | V75: TRƯỜNG SINH | W75: THÂN | AH75: 82 | AI75: KẾ ĐÔ - HÀNH THỔ | AJ75: LA HẦU - HÀNH KIM | AN75: VŨ KHÚCSỬU | AO75: VŨ KHÚC-M | AP75: VŨ KHÚC M | AQ75: =CONCATENATE(TRIM(LEFT(AP75,LEN(AP75)-LEN(RIGHT(AP75)))),"-",RIGHT(AP75)) -> VŨ KHÚC-M | AR75: =CONCATENATE(AS75,AU75) -> THIÊN PHỦDẦN | AS75: THIÊN PHỦ | AT75: M | AU75: DẦN | AV75: =CONCATENATE(AS75," ",AT75) -> THIÊN PHỦ M | AX75: =CONCATENATE("L.",AN75) -> L.VŨ KHÚCSỬU | AY75: =CONCATENATE("L.",AO75) -> L.VŨ KHÚC-M | DJ75: =CONCATENATE(DK75,DL75) -> NGỌSỬU | DK75: NGỌ | DL75: SỬU | DM75: MÙI | DO75: THIÊN PHÚC
A76: NGỌ-2 | B76: CUNG MỆNH | C76: DẬU | I76: =IF(LEFT(RIGHT(L76,2))="-",LEFT(L76,LEN(L76)-LEN(RIGHT(L76,2))),L76) -> THIÊN TRÙ | J76: can | K76: =MATCH($I$2,OFFSET('AN CÁC SAO CHÍNH TINH'!$A$1,'AN CÁC SAO CHÍNH TINH'!K75,0,1000000),0)+'AN CÁC SAO CHÍNH TINH'!K75 -> 3941 | L76: {=INDEX($B:$B,K76)} -> THIÊN TRÙ | M76: {=INDEX($C:$C,K76)} -> TUẤT | N76: =VLOOKUP(M76,$M$3:$N$14,2,0) -> CUNG PHU/THÊ | U76: ÂM NAMTHỔ 5 CỤC | V76: DƯỠNG | W76: DẬU | AH76: 83 | AI76: VÂN HỚN - HÀNH HỎA | AJ76: THỔ TÚ - HÀNH THỔ | AN76: VŨ KHÚCMÙI | AO76: VŨ KHÚC-M | AP76: VŨ KHÚC M | AQ76: =CONCATENATE(TRIM(LEFT(AP76,LEN(AP76)-LEN(RIGHT(AP76)))),"-",RIGHT(AP76)) -> VŨ KHÚC-M | AR76: =CONCATENATE(AS76,AU76) -> THIÊN PHỦTHÂN | AS76: THIÊN PHỦ | AT76: M | AU76: THÂN | AV76: =CONCATENATE(AS76," ",AT76) -> THIÊN PHỦ M | AX76: =CONCATENATE("L.",AN76) -> L.VŨ KHÚCMÙI | AY76: =CONCATENATE("L.",AO76) -> L.VŨ KHÚC-M | DJ76: =CONCATENATE(DK76,DL76) -> NGỌDẦN | DK76: NGỌ | DL76: DẦN | DM76: THÂN | DO76: THIÊN QUAN
A77: NGỌ-3 | B77: CUNG MỆNH | C77: TUẤT | I77: =IF(LEFT(RIGHT(L77,2))="-",LEFT(L77,LEN(L77)-LEN(RIGHT(L77,2))),L77) -> THIÊN QUAN | J77: can | K77: =MATCH($I$2,OFFSET('AN CÁC SAO CHÍNH TINH'!$A$1,'AN CÁC SAO CHÍNH TINH'!K76,0,1000000),0)+'AN CÁC SAO CHÍNH TINH'!K76 -> 3942 | L77: {=INDEX($B:$B,K77)} -> THIÊN QUAN | M77: {=INDEX($C:$C,K77)} -> NGỌ | N77: =VLOOKUP(M77,$M$3:$N$14,2,0) -> CUNG THIÊN DI | U77: ÂM NAMTHỔ 5 CỤC | V77: THAI | W77: TUẤT | AH77: 84 | AI77: MỘC ĐỨC- HÀNH MỘC | AJ77: THỦY DIỆU - HÀNH THỦY | AN77: VŨ KHÚCDẦN | AO77: VŨ KHÚC-V | AP77: VŨ KHÚC V | AQ77: =CONCATENATE(TRIM(LEFT(AP77,LEN(AP77)-LEN(RIGHT(AP77)))),"-",RIGHT(AP77)) -> VŨ KHÚC-V | AR77: =CONCATENATE(AS77,AU77) -> THIÊN PHỦTÝ | AS77: THIÊN PHỦ | AT77: M | AU77: TÝ | AV77: =CONCATENATE(AS77," ",AT77) -> THIÊN PHỦ M | AX77: =CONCATENATE("L.",AN77) -> L.VŨ KHÚCDẦN | AY77: =CONCATENATE("L.",AO77) -> L.VŨ KHÚC-V | DJ77: =CONCATENATE(DK77,DL77) -> NGỌMÃO | DK77: NGỌ | DL77: MÃO | DM77: DẬU | DO77: THIÊN QUÝ
A78: NGỌ-4 | B78: CUNG MỆNH | C78: HỢI | I78: =IF(LEFT(RIGHT(L78,2))="-",LEFT(L78,LEN(L78)-LEN(RIGHT(L78,2))),L78) -> LƯU HÀ | J78: can | K78: =MATCH($I$2,OFFSET('AN CÁC SAO CHÍNH TINH'!$A$1,'AN CÁC SAO CHÍNH TINH'!K77,0,1000000),0)+'AN CÁC SAO CHÍNH TINH'!K77 -> 3943 | L78: {=INDEX($B:$B,K78)} -> LƯU HÀ | M78: {=INDEX($C:$C,K78)} -> DẦN | N78: =VLOOKUP(M78,$M$3:$N$14,2,0) -> CUNG PHÚC ĐỨC | U78: ÂM NAMTHỔ 5 CỤC | V78: TUYỆT | W78: HỢI | AH78: 85 | AI78: THÁI ÂM- HÀNH THỦY | AJ78: THÁI BẠCH - HÀNH KIM | AN78: VŨ KHÚCTHÂN | AO78: VŨ KHÚC-V | AP78: VŨ KHÚC V | AQ78: =CONCATENATE(TRIM(LEFT(AP78,LEN(AP78)-LEN(RIGHT(AP78)))),"-",RIGHT(AP78)) -> VŨ KHÚC-V | AR78: =CONCATENATE(AS78,AU78) -> THIÊN PHỦNGỌ | AS78: THIÊN PHỦ | AT78: M | AU78: NGỌ | AV78: =CONCATENATE(AS78," ",AT78) -> THIÊN PHỦ M | AX78: =CONCATENATE("L.",AN78) -> L.VŨ KHÚCTHÂN | AY78: =CONCATENATE("L.",AO78) -> L.VŨ KHÚC-V | DJ78: =CONCATENATE(DK78,DL78) -> NGỌTHÌN | DK78: NGỌ | DL78: THÌN | DM78: TUẤT | DO78: THIÊN RIÊU
A79: NGỌ-5 | B79: CUNG MỆNH | C79: TÝ | I79: =IF(LEFT(RIGHT(L79,2))="-",LEFT(L79,LEN(L79)-LEN(RIGHT(L79,2))),L79) -> THIÊN KHÔI | J79: can | K79: =MATCH($I$2,OFFSET('AN CÁC SAO CHÍNH TINH'!$A$1,'AN CÁC SAO CHÍNH TINH'!K78,0,1000000),0)+'AN CÁC SAO CHÍNH TINH'!K78 -> 3944 | L79: {=INDEX($B:$B,K79)} -> THIÊN KHÔI-V | M79: {=INDEX($C:$C,K79)} -> MÃO | N79: =VLOOKUP(M79,$M$3:$N$14,2,0) -> CUNG ĐIỀN TRẠCH | U79: ÂM NAMTHỔ 5 CỤC | V79: MỘ | W79: TÝ | AH79: 86 | AI79: THỔ TÚ - HÀNH THỔ | AJ79: THÁI DƯƠNG - HÀNH HỎA | AN79: VŨ KHÚCTÝ | AO79: VŨ KHÚC-Đ | AP79: VŨ KHÚC V | AQ79: =CONCATENATE(TRIM(LEFT(AP79,LEN(AP79)-LEN(RIGHT(AP79)))),"-",RIGHT(AP79)) -> VŨ KHÚC-V | AR79: =CONCATENATE(AS79,AU79) -> THIÊN PHỦTHÌN | AS79: THIÊN PHỦ | AT79: V | AU79: THÌN | AV79: =CONCATENATE(AS79," ",AT79) -> THIÊN PHỦ V | AX79: =CONCATENATE("L.",AN79) -> L.VŨ KHÚCTÝ | AY79: =CONCATENATE("L.",AO79) -> L.VŨ KHÚC-Đ | DJ79: =CONCATENATE(DK79,DL79) -> NGỌTỴ | DK79: NGỌ | DL79: TỴ | DM79: HỢI | DO79: THIÊN TÀI
A80: NGỌ-6 | B80: CUNG MỆNH | C80: SỬU | I80: =IF(LEFT(RIGHT(L80,2))="-",LEFT(L80,LEN(L80)-LEN(RIGHT(L80,2))),L80) -> ĐƯỜNG PHÙ | J80: can | K80: =MATCH($I$2,OFFSET('AN CÁC SAO CHÍNH TINH'!$A$1,'AN CÁC SAO CHÍNH TINH'!K79,0,1000000),0)+'AN CÁC SAO CHÍNH TINH'!K79 -> 3945 | L80: {=INDEX($B:$B,K80)} -> ĐƯỜNG PHÙ | M80: {=INDEX($C:$C,K80)} -> TỴ | N80: =VLOOKUP(M80,$M$3:$N$14,2,0) -> CUNG NÔ BỘC | U80: ÂM NAMTHỔ 5 CỤC | V80: TỬ | W80: SỬU | AH80: 87 | AI80: LA HẦU - HÀNH KIM | AJ80: VÂN HỚN - HÀNH HỎA | AN80: VŨ KHÚCNGỌ | AO80: VŨ KHÚC-V | AP80: VŨ KHÚC V | AQ80: =CONCATENATE(TRIM(LEFT(AP80,LEN(AP80)-LEN(RIGHT(AP80)))),"-",RIGHT(AP80)) -> VŨ KHÚC-V | AR80: =CONCATENATE(AS80,AU80) -> THIÊN PHỦTUẤT | AS80: THIÊN PHỦ | AT80: V | AU80: TUẤT | AV80: =CONCATENATE(AS80," ",AT80) -> THIÊN PHỦ V | AX80: =CONCATENATE("L.",AN80) -> L.VŨ KHÚCNGỌ | AY80: =CONCATENATE("L.",AO80) -> L.VŨ KHÚC-V | DJ80: =CONCATENATE(DK80,DL80) -> NGỌNGỌ | DK80: NGỌ | DL80: NGỌ | DM80: TÝ | DO80: THIÊN THỌ
A81: NGỌ-7 | B81: CUNG MỆNH | C81: DẦN | I81: =IF(LEFT(RIGHT(L81,2))="-",LEFT(L81,LEN(L81)-LEN(RIGHT(L81,2))),L81) -> LỘC TỒN | J81: can | K81: =MATCH($I$2,OFFSET('AN CÁC SAO CHÍNH TINH'!$A$1,'AN CÁC SAO CHÍNH TINH'!K80,0,1000000),0)+'AN CÁC SAO CHÍNH TINH'!K80 -> 3946 | L81: {=INDEX($B:$B,K81)} -> LỘC TỒN-V | M81: {=INDEX($C:$C,K81)} -> TÝ | N81: =VLOOKUP(M81,$M$3:$N$14,2,0) -> CUNG MỆNH | U81: ÂM NAMTHỔ 5 CỤC | V81: BỆNH | W81: DẦN | AH81: 88 | AI81: THÁI DƯƠNG - HÀNH HỎA | AJ81: KẾ ĐÔ - HÀNH THỔ | AN81: VŨ KHÚCMÃO | AO81: VŨ KHÚC-Đ | AP81: VŨ KHÚC Đ | AQ81: =CONCATENATE(TRIM(LEFT(AP81,LEN(AP81)-LEN(RIGHT(AP81)))),"-",RIGHT(AP81)) -> VŨ KHÚC-Đ | AR81: =CONCATENATE(AS81,AU81) -> THIÊN PHỦTỴ | AS81: THIÊN PHỦ | AT81: Đ | AU81: TỴ | AV81: =CONCATENATE(AS81," ",AT81) -> THIÊN PHỦ Đ | AX81: =CONCATENATE("L.",AN81) -> L.VŨ KHÚCMÃO | AY81: =CONCATENATE("L.",AO81) -> L.VŨ KHÚC-Đ | DJ81: =CONCATENATE(DK81,DL81) -> NGỌMÙI | DK81: NGỌ | DL81: MÙI | DM81: SỬU | DO81: THIÊN TRÙ
A82: NGỌ-8 | B82: CUNG MỆNH | C82: MÃO | H82: =CONCATENATE($J$16,M82) -> TỬ VI-TỴCỰ MÔN | I82: =IF(LEFT(RIGHT(L82,2))="-",LEFT(L82,LEN(L82)-LEN(RIGHT(L82,2))),L82) -> HÓA QUYỀN | J82: can | K82: =MATCH($I$2,OFFSET('AN CÁC SAO CHÍNH TINH'!$A$1,'AN CÁC SAO CHÍNH TINH'!K81,0,1000000),0)+'AN CÁC SAO CHÍNH TINH'!K81 -> 3947 | L82: {=INDEX($B:$B,K82)} -> HÓA QUYỀN | M82: {=INDEX($C:$C,K82)} -> CỰ MÔN | N82: =VLOOKUP(M82,$L$3:$O$4720,3,0) -> CUNG PHÚC ĐỨC | O82: =CONCATENATE(M82,"-",N82) -> CỰ MÔN-CUNG PHÚC ĐỨC | U82: ÂM NAMTHỔ 5 CỤC | V82: SUY | W82: MÃO | AH82: 89 | AI82: THÁI BẠCH - HÀNH KIM | AJ82: THÁI ÂM- HÀNH THỦY | AN82: VŨ KHÚCDẬU | AO82: VŨ KHÚC-Đ | AP82: VŨ KHÚC Đ | AQ82: =CONCATENATE(TRIM(LEFT(AP82,LEN(AP82)-LEN(RIGHT(AP82)))),"-",RIGHT(AP82)) -> VŨ KHÚC-Đ | AR82: =CONCATENATE(AS82,AU82) -> THIÊN PHỦHỢI | AS82: THIÊN PHỦ | AT82: Đ | AU82: HỢI | AV82: =CONCATENATE(AS82," ",AT82) -> THIÊN PHỦ Đ | AX82: =CONCATENATE("L.",AN82) -> L.VŨ KHÚCDẬU | AY82: =CONCATENATE("L.",AO82) -> L.VŨ KHÚC-Đ | DJ82: =CONCATENATE(DK82,DL82) -> NGỌTHÂN | DK82: NGỌ | DL82: THÂN | DM82: DẦN | DO82: THIÊN TƯỚNG
A83: NGỌ-9 | B83: CUNG MỆNH | C83: THÌN | H83: =CONCATENATE($J$16,M83) -> TỬ VI-TỴTHÁI ÂM | I83: =IF(LEFT(RIGHT(L83,2))="-",LEFT(L83,LEN(L83)-LEN(RIGHT(L83,2))),L83) -> HÓA KHOA | J83: can | K83: =MATCH($I$2,OFFSET('AN CÁC SAO CHÍNH TINH'!$A$1,'AN CÁC SAO CHÍNH TINH'!K82,0,1000000),0)+'AN CÁC SAO CHÍNH TINH'!K82 -> 3948 | L83: {=INDEX($B:$B,K83)} -> HÓA KHOA | M83: {=INDEX($C:$C,K83)} -> THÁI ÂM | N83: =VLOOKUP(M83,$L$3:$O$4720,3,0) -> CUNG MỆNH | O83: =CONCATENATE(M83,"-",N83) -> THÁI ÂM-CUNG MỆNH | U83: ÂM NAMTHỔ 5 CỤC | V83: ĐẾ VƯỢNG | W83: THÌN | AH83: 90 | AI83: THỦY DIỆU - HÀNH THỦY | AJ83: MỘC ĐỨC- HÀNH MỘC | AN83: VŨ KHÚCTỴ | AO83: VŨ KHÚC-H | AP83: VŨ KHÚC H | AQ83: =CONCATENATE(TRIM(LEFT(AP83,LEN(AP83)-LEN(RIGHT(AP83)))),"-",RIGHT(AP83)) -> VŨ KHÚC-H | AR83: =CONCATENATE(AS83,AU83) -> THIÊN PHỦMÙI | AS83: THIÊN PHỦ | AT83: Đ | AU83: MÙI | AV83: =CONCATENATE(AS83," ",AT83) -> THIÊN PHỦ Đ | AX83: =CONCATENATE("L.",AN83) -> L.VŨ KHÚCTỴ | AY83: =CONCATENATE("L.",AO83) -> L.VŨ KHÚC-H | DJ83: =CONCATENATE(DK83,DL83) -> NGỌDẬU | DK83: NGỌ | DL83: DẬU | DM83: MÃO | DO83: THIÊN VIỆT
A84: NGỌ-10 | B84: CUNG MỆNH | C84: TỴ | H84: =CONCATENATE($J$16,M84) -> TỬ VI-TỴPHÁ QUÂN | I84: =IF(LEFT(RIGHT(L84,2))="-",LEFT(L84,LEN(L84)-LEN(RIGHT(L84,2))),L84) -> HÓA LỘC | J84: can | K84: =MATCH($I$2,OFFSET('AN CÁC SAO CHÍNH TINH'!$A$1,'AN CÁC SAO CHÍNH TINH'!K83,0,1000000),0)+'AN CÁC SAO CHÍNH TINH'!K83 -> 3949 | L84: {=INDEX($B:$B,K84)} -> HÓA LỘC | M84: {=INDEX($C:$C,K84)} -> PHÁ QUÂN | N84: =VLOOKUP(M84,$L$3:$O$4720,3,0) -> CUNG TỬ TỨC | O84: =CONCATENATE(M84,"-",N84) -> PHÁ QUÂN-CUNG TỬ TỨC | U84: ÂM NAMTHỔ 5 CỤC | V84: LÂM QUAN | W84: TỴ | AH84: 91 | AI84: KẾ ĐÔ - HÀNH THỔ | AJ84: LA HẦU - HÀNH KIM | AN84: VŨ KHÚCHỢI | AO84: VŨ KHÚC-H | AP84: VŨ KHÚC H | AQ84: =CONCATENATE(TRIM(LEFT(AP84,LEN(AP84)-LEN(RIGHT(AP84)))),"-",RIGHT(AP84)) -> VŨ KHÚC-H | AR84: =CONCATENATE(AS84,AU84) -> THIÊN PHỦMÃO | AS84: THIÊN PHỦ | AT84: B | AU84: MÃO | AV84: =CONCATENATE(AS84," ",AT84) -> THIÊN PHỦ B | AX84: =CONCATENATE("L.",AN84) -> L.VŨ KHÚCHỢI | AY84: =CONCATENATE("L.",AO84) -> L.VŨ KHÚC-H | DJ84: =CONCATENATE(DK84,DL84) -> NGỌTUẤT | DK84: NGỌ | DL84: TUẤT | DM84: THÌN | DO84: THIÊN Y
A85: NGỌ-11 | B85: CUNG MỆNH | C85: NGỌ | H85: =CONCATENATE($J$16,M85) -> TỬ VI-TỴTHAM LANG | I85: =IF(LEFT(RIGHT(L85,2))="-",LEFT(L85,LEN(L85)-LEN(RIGHT(L85,2))),L85) -> HÓA KỴ | J85: can | K85: =MATCH($I$2,OFFSET('AN CÁC SAO CHÍNH TINH'!$A$1,'AN CÁC SAO CHÍNH TINH'!K84,0,1000000),0)+'AN CÁC SAO CHÍNH TINH'!K84 -> 3950 | L85: {=INDEX($B:$B,K85)} -> HÓA KỴ | M85: {=INDEX($C:$C,K85)} -> THAM LANG | N85: =VLOOKUP(M85,$L$3:$O$4720,3,0) -> CUNG PHỤ MẪU | O85: =CONCATENATE(M85,"-",N85) -> THAM LANG-CUNG PHỤ MẪU | U85: ÂM NAMTHỔ 5 CỤC | V85: QUAN ĐỚI | W85: NGỌ | AH85: 92 | AI85: VÂN HỚN - HÀNH HỎA | AJ85: THỔ TÚ - HÀNH THỔ | AN85: THÁI DƯƠNGTỴ | AO85: THÁI DƯƠNG-M | AP85: THÁI DƯƠNG M | AQ85: =CONCATENATE(TRIM(LEFT(AP85,LEN(AP85)-LEN(RIGHT(AP85)))),"-",RIGHT(AP85)) -> THÁI DƯƠNG-M | AR85: =CONCATENATE(AS85,AU85) -> THIÊN PHỦDẬU | AS85: THIÊN PHỦ | AT85: B | AU85: DẬU | AV85: =CONCATENATE(AS85," ",AT85) -> THIÊN PHỦ B | AX85: =CONCATENATE("L.",AN85) -> L.THÁI DƯƠNGTỴ | AY85: =CONCATENATE("L.",AO85) -> L.THÁI DƯƠNG-M | DJ85: =CONCATENATE(DK85,DL85) -> NGỌHỢI | DK85: NGỌ | DL85: HỢI | DM85: TỴ | DO85: THIẾU ÂM
A86: NGỌ-12 | B86: CUNG MỆNH | C86: MÙI | I86: =IF(LEFT(RIGHT(L86,2))="-",LEFT(L86,LEN(L86)-LEN(RIGHT(L86,2))),L86) -> KÌNH DƯƠNG | J86: can | K86: =MATCH($I$2,OFFSET('AN CÁC SAO CHÍNH TINH'!$A$1,'AN CÁC SAO CHÍNH TINH'!K85,0,1000000),0)+'AN CÁC SAO CHÍNH TINH'!K85 -> 3969 | L86: {=INDEX($B:$B,K86)} -> KÌNH DƯƠNG-V | M86: {=INDEX($C:$C,K86)} -> SỬU | N86: =VLOOKUP(M86,$M$3:$N$14,2,0) -> CUNG PHỤ MẪU | U86: ÂM NAMTHỔ 5 CỤC | V86: MỘC DỤC | W86: MÙI | AH86: 93 | AI86: MỘC ĐỨC- HÀNH MỘC | AJ86: THỦY DIỆU - HÀNH THỦY | AN86: THÁI DƯƠNGNGỌ | AO86: THÁI DƯƠNG-M | AP86: THÁI DƯƠNG M | AQ86: =CONCATENATE(TRIM(LEFT(AP86,LEN(AP86)-LEN(RIGHT(AP86)))),"-",RIGHT(AP86)) -> THÁI DƯƠNG-M | AR86: =CONCATENATE(AS86,AU86) -> THIÊN PHỦSỬU | AS86: THIÊN PHỦ | AT86: B | AU86: SỬU | AV86: =CONCATENATE(AS86," ",AT86) -> THIÊN PHỦ B | AX86: =CONCATENATE("L.",AN86) -> L.THÁI DƯƠNGNGỌ | AY86: =CONCATENATE("L.",AO86) -> L.THÁI DƯƠNG-M | DJ86: =CONCATENATE(DK86,DL86) -> MÙITÝ | DK86: MÙI | DL86: TÝ | DM86: MÙI | DO86: THIẾU DƯƠNG
A87: MÙI-1 | B87: CUNG MỆNH | C87: MÙI | I87: =IF(LEFT(RIGHT(L87,2))="-",LEFT(L87,LEN(L87)-LEN(RIGHT(L87,2))),L87) -> ĐÀ LA | J87: can | K87: =MATCH($I$2,OFFSET('AN CÁC SAO CHÍNH TINH'!$A$1,'AN CÁC SAO CHÍNH TINH'!K86,0,1000000),0)+'AN CÁC SAO CHÍNH TINH'!K86 -> 3970 | L87: {=INDEX($B:$B,K87)} -> ĐÀ LA | M87: {=INDEX($C:$C,K87)} -> HỢI | N87: =VLOOKUP(M87,$M$3:$N$14,2,0) -> CUNG HUYNH ĐỆ | U87: ÂM NAMHỎA 6 CỤC | V87: TRƯỜNG SINH | W87: DẦN | AH87: 94 | AI87: THÁI ÂM- HÀNH THỦY | AJ87: THÁI BẠCH - HÀNH KIM | AN87: THÁI DƯƠNGDẦN | AO87: THÁI DƯƠNG-V | AP87: THÁI DƯƠNG V | AQ87: =CONCATENATE(TRIM(LEFT(AP87,LEN(AP87)-LEN(RIGHT(AP87)))),"-",RIGHT(AP87)) -> THÁI DƯƠNG-V | AR87: =CONCATENATE(AS87,AU87) -> THAM LANGSỬU | AS87: THAM LANG | AT87: M | AU87: SỬU | AV87: =CONCATENATE(AS87," ",AT87) -> THAM LANG M | AX87: =CONCATENATE("L.",AN87) -> L.THÁI DƯƠNGDẦN | AY87: =CONCATENATE("L.",AO87) -> L.THÁI DƯƠNG-V | DJ87: =CONCATENATE(DK87,DL87) -> MÙISỬU | DK87: MÙI | DL87: SỬU | DM87: THÂN | DO87: TIỂU HAO
A88: MÙI-2 | B88: CUNG MỆNH | C88: THÂN | I88: =IF(LEFT(RIGHT(L88,2))="-",LEFT(L88,LEN(L88)-LEN(RIGHT(L88,2))),L88) -> BÁC SỸ | J88: can | K88: =MATCH($I$2,OFFSET('AN CÁC SAO CHÍNH TINH'!$A$1,'AN CÁC SAO CHÍNH TINH'!K87,0,1000000),0)+'AN CÁC SAO CHÍNH TINH'!K87 -> 4124 | L88: {=INDEX($B:$B,K88)} -> BÁC SỸ | M88: {=INDEX($C:$C,K88)} -> TÝ | N88: =VLOOKUP(M88,$M$3:$N$14,2,0) -> CUNG MỆNH | U88: ÂM NAMHỎA 6 CỤC | V88: DƯỠNG | W88: MÃO | AH88: 95 | AI88: THỔ TÚ - HÀNH THỔ | AJ88: THÁI DƯƠNG - HÀNH HỎA | AN88: THÁI DƯƠNGMÃO | AO88: THÁI DƯƠNG-V | AP88: THÁI DƯƠNG V | AQ88: =CONCATENATE(TRIM(LEFT(AP88,LEN(AP88)-LEN(RIGHT(AP88)))),"-",RIGHT(AP88)) -> THÁI DƯƠNG-V | AR88: =CONCATENATE(AS88,AU88) -> THAM LANGMÙI | AS88: THAM LANG | AT88: M | AU88: MÙI | AV88: =CONCATENATE(AS88," ",AT88) -> THAM LANG M | AX88: =CONCATENATE("L.",AN88) -> L.THÁI DƯƠNGMÃO | AY88: =CONCATENATE("L.",AO88) -> L.THÁI DƯƠNG-V | DJ88: =CONCATENATE(DK88,DL88) -> MÙIDẦN | DK88: MÙI | DL88: DẦN | DM88: DẬU | DO88: TRIỆT
A89: MÙI-3 | B89: CUNG MỆNH | C89: DẬU | I89: =IF(LEFT(RIGHT(L89,2))="-",LEFT(L89,LEN(L89)-LEN(RIGHT(L89,2))),L89) -> LN.VĂN TINH | J89: can | K89: =MATCH($I$2,OFFSET('AN CÁC SAO CHÍNH TINH'!$A$1,'AN CÁC SAO CHÍNH TINH'!K88,0,1000000),0)+'AN CÁC SAO CHÍNH TINH'!K88 -> 9338 | L89: {=INDEX($B:$B,K89)} -> LN.VĂN TINH | M89: {=INDEX($C:$C,K89)} -> MÃO | N89: =VLOOKUP(M89,$M$3:$N$14,2,0) -> CUNG ĐIỀN TRẠCH | U89: ÂM NAMHỎA 6 CỤC | V89: THAI | W89: THÌN | AH89: 96 | AI89: LA HẦU - HÀNH KIM | AJ89: VÂN HỚN - HÀNH HỎA | AN89: THÁI DƯƠNGTHÌN | AO89: THÁI DƯƠNG-V | AP89: THÁI DƯƠNG V | AQ89: =CONCATENATE(TRIM(LEFT(AP89,LEN(AP89)-LEN(RIGHT(AP89)))),"-",RIGHT(AP89)) -> THÁI DƯƠNG-V | AR89: =CONCATENATE(AS89,AU89) -> THAM LANGTHÌN | AS89: THAM LANG | AT89: V | AU89: THÌN | AV89: =CONCATENATE(AS89," ",AT89) -> THAM LANG V | AX89: =CONCATENATE("L.",AN89) -> L.THÁI DƯƠNGTHÌN | AY89: =CONCATENATE("L.",AO89) -> L.THÁI DƯƠNG-V | DJ89: =CONCATENATE(DK89,DL89) -> MÙIMÃO | DK89: MÙI | DL89: MÃO | DM89: TUẤT | DO89: TRỰC PHÙ
A90: MÙI-4 | B90: CUNG MỆNH | C90: TUẤT | I90: =IF(LEFT(RIGHT(L90,2))="-",LEFT(L90,LEN(L90)-LEN(RIGHT(L90,2))),L90) -> #N/A | J90: can | K90: =MATCH($I$2,OFFSET('AN CÁC SAO CHÍNH TINH'!$A$1,'AN CÁC SAO CHÍNH TINH'!K89,0,1000000),0)+'AN CÁC SAO CHÍNH TINH'!K89 -> #N/A | L90: {=INDEX($B:$B,K90)} -> #N/A | M90: {=INDEX($C:$C,K90)} -> #N/A | N90: =VLOOKUP(M90,$M$3:$N$14,2,0) -> #N/A | U90: ÂM NAMHỎA 6 CỤC | V90: TUYỆT | W90: TỴ | AH90: 97 | AI90: THÁI DƯƠNG - HÀNH HỎA | AJ90: KẾ ĐÔ - HÀNH THỔ | AN90: THÁI DƯƠNGSỬU | AO90: THÁI DƯƠNG-Đ | AP90: THÁI DƯƠNG Đ | AQ90: =CONCATENATE(TRIM(LEFT(AP90,LEN(AP90)-LEN(RIGHT(AP90)))),"-",RIGHT(AP90)) -> THÁI DƯƠNG-Đ | AR90: =CONCATENATE(AS90,AU90) -> THAM LANGTUẤT | AS90: THAM LANG | AT90: V | AU90: TUẤT | AV90: =CONCATENATE(AS90," ",AT90) -> THAM LANG V | AX90: =CONCATENATE("L.",AN90) -> L.THÁI DƯƠNGSỬU | AY90: =CONCATENATE("L.",AO90) -> L.THÁI DƯƠNG-Đ | DJ90: =CONCATENATE(DK90,DL90) -> MÙITHÌN | DK90: MÙI | DL90: THÌN | DM90: HỢI | DO90: TỬ PHÙ
A91: MÙI-5 | B91: CUNG MỆNH | C91: HỢI | I91: =IF(LEFT(RIGHT(L91,2))="-",LEFT(L91,LEN(L91)-LEN(RIGHT(L91,2))),L91) -> #N/A | J91: can | K91: =MATCH($I$2,OFFSET('AN CÁC SAO CHÍNH TINH'!$A$1,'AN CÁC SAO CHÍNH TINH'!K90,0,1000000),0)+'AN CÁC SAO CHÍNH TINH'!K90 -> #N/A | L91: {=INDEX($B:$B,K91)} -> #N/A | M91: {=INDEX($C:$C,K91)} -> #N/A | N91: =VLOOKUP(M91,$M$3:$N$14,2,0) -> #N/A | U91: ÂM NAMHỎA 6 CỤC | V91: MỘ | W91: NGỌ | AH91: 98 | AI91: THÁI BẠCH - HÀNH KIM | AJ91: THÁI ÂM- HÀNH THỦY | AN91: THÁI DƯƠNGMÙI | AO91: THÁI DƯƠNG-Đ | AP91: THÁI DƯƠNG Đ | AQ91: =CONCATENATE(TRIM(LEFT(AP91,LEN(AP91)-LEN(RIGHT(AP91)))),"-",RIGHT(AP91)) -> THÁI DƯƠNG-Đ | AR91: =CONCATENATE(AS91,AU91) -> THAM LANGDẦN | AS91: THAM LANG | AT91: Đ | AU91: DẦN | AV91: =CONCATENATE(AS91," ",AT91) -> THAM LANG Đ | AX91: =CONCATENATE("L.",AN91) -> L.THÁI DƯƠNGMÙI | AY91: =CONCATENATE("L.",AO91) -> L.THÁI DƯƠNG-Đ | DJ91: =CONCATENATE(DK91,DL91) -> MÙITỴ | DK91: MÙI | DL91: TỴ | DM91: TÝ | DO91: TỬ VI
A92: MÙI-6 | B92: CUNG MỆNH | C92: TÝ | I92: =IF(LEFT(RIGHT(L92,2))="-",LEFT(L92,LEN(L92)-LEN(RIGHT(L92,2))),L92) -> #N/A | J92: can | K92: =MATCH($I$2,OFFSET('AN CÁC SAO CHÍNH TINH'!$A$1,'AN CÁC SAO CHÍNH TINH'!K91,0,1000000),0)+'AN CÁC SAO CHÍNH TINH'!K91 -> #N/A | L92: {=INDEX($B:$B,K92)} -> #N/A | M92: {=INDEX($C:$C,K92)} -> #N/A | N92: =VLOOKUP(M92,$M$3:$N$14,2,0) -> #N/A | U92: ÂM NAMHỎA 6 CỤC | V92: TỬ | W92: MÙI | AH92: 99 | AI92: THỦY DIỆU - HÀNH THỦY | AJ92: MỘC ĐỨC- HÀNH MỘC | AN92: THÁI DƯƠNGTHÂN | AO92: THÁI DƯƠNG-H | AP92: THÁI DƯƠNG H | AQ92: =CONCATENATE(TRIM(LEFT(AP92,LEN(AP92)-LEN(RIGHT(AP92)))),"-",RIGHT(AP92)) -> THÁI DƯƠNG-H | AR92: =CONCATENATE(AS92,AU92) -> THAM LANGTHÂN | AS92: THAM LANG | AT92: Đ | AU92: THÂN | AV92: =CONCATENATE(AS92," ",AT92) -> THAM LANG Đ | AX92: =CONCATENATE("L.",AN92) -> L.THÁI DƯƠNGTHÂN | AY92: =CONCATENATE("L.",AO92) -> L.THÁI DƯƠNG-H | DJ92: =CONCATENATE(DK92,DL92) -> MÙINGỌ | DK92: MÙI | DL92: NGỌ | DM92: SỬU | DO92: TUẦN
A93: MÙI-7 | B93: CUNG MỆNH | C93: SỬU | I93: =IF(LEFT(RIGHT(L93,2))="-",LEFT(L93,LEN(L93)-LEN(RIGHT(L93,2))),L93) -> #N/A | J93: can | K93: =MATCH($I$2,OFFSET('AN CÁC SAO CHÍNH TINH'!$A$1,'AN CÁC SAO CHÍNH TINH'!K92,0,1000000),0)+'AN CÁC SAO CHÍNH TINH'!K92 -> #N/A | L93: {=INDEX($B:$B,K93)} -> #N/A | M93: {=INDEX($C:$C,K93)} -> #N/A | N93: =VLOOKUP(M93,$M$3:$N$14,2,0) -> #N/A | U93: ÂM NAMHỎA 6 CỤC | V93: BỆNH | W93: THÂN | AH93: 100 | AI93: KẾ ĐÔ - HÀNH THỔ | AJ93: LA HẦU - HÀNH KIM | AN93: THÁI DƯƠNGDẬU | AO93: THÁI DƯƠNG-H | AP93: THÁI DƯƠNG H | AQ93: =CONCATENATE(TRIM(LEFT(AP93,LEN(AP93)-LEN(RIGHT(AP93)))),"-",RIGHT(AP93)) -> THÁI DƯƠNG-H | AR93: =CONCATENATE(AS93,AU93) -> THAM LANGTỴ | AS93: THAM LANG | AT93: H | AU93: TỴ | AV93: =CONCATENATE(AS93," ",AT93) -> THAM LANG H | AX93: =CONCATENATE("L.",AN93) -> L.THÁI DƯƠNGDẬU | AY93: =CONCATENATE("L.",AO93) -> L.THÁI DƯƠNG-H | DJ93: =CONCATENATE(DK93,DL93) -> MÙIMÙI | DK93: MÙI | DL93: MÙI | DM93: DẦN | DO93: TUẾ PHÁ
A94: MÙI-8 | B94: CUNG MỆNH | C94: DẦN | I94: =IF(LEFT(RIGHT(L94,2))="-",LEFT(L94,LEN(L94)-LEN(RIGHT(L94,2))),L94) -> #N/A | J94: can | K94: =MATCH($I$2,OFFSET('AN CÁC SAO CHÍNH TINH'!$A$1,'AN CÁC SAO CHÍNH TINH'!K93,0,1000000),0)+'AN CÁC SAO CHÍNH TINH'!K93 -> #N/A | L94: {=INDEX($B:$B,K94)} -> #N/A | M94: {=INDEX($C:$C,K94)} -> #N/A | N94: =VLOOKUP(M94,$M$3:$N$14,2,0) -> #N/A | U94: ÂM NAMHỎA 6 CỤC | V94: SUY | W94: DẬU | AH94: 101 | AI94: VÂN HỚN - HÀNH HỎA | AJ94: THỔ TÚ - HÀNH THỔ | AN94: THÁI DƯƠNGTUẤT | AO94: THÁI DƯƠNG-H | AP94: THÁI DƯƠNG H | AQ94: =CONCATENATE(TRIM(LEFT(AP94,LEN(AP94)-LEN(RIGHT(AP94)))),"-",RIGHT(AP94)) -> THÁI DƯƠNG-H | AR94: =CONCATENATE(AS94,AU94) -> THAM LANGHỢI | AS94: THAM LANG | AT94: H | AU94: HỢI | AV94: =CONCATENATE(AS94," ",AT94) -> THAM LANG H | AX94: =CONCATENATE("L.",AN94) -> L.THÁI DƯƠNGTUẤT | AY94: =CONCATENATE("L.",AO94) -> L.THÁI DƯƠNG-H | DJ94: =CONCATENATE(DK94,DL94) -> MÙITHÂN | DK94: MÙI | DL94: THÂN | DM94: MÃO | DO94: TƯỚNG QUÂN
A95: MÙI-9 | B95: CUNG MỆNH | C95: MÃO | I95: =IF(LEFT(RIGHT(L95,2))="-",LEFT(L95,LEN(L95)-LEN(RIGHT(L95,2))),L95) -> #N/A | J95: can | K95: =MATCH($I$2,OFFSET('AN CÁC SAO CHÍNH TINH'!$A$1,'AN CÁC SAO CHÍNH TINH'!K94,0,1000000),0)+'AN CÁC SAO CHÍNH TINH'!K94 -> #N/A | L95: {=INDEX($B:$B,K95)} -> #N/A | M95: {=INDEX($C:$C,K95)} -> #N/A | N95: =VLOOKUP(M95,$M$3:$N$14,2,0) -> #N/A | U95: ÂM NAMHỎA 6 CỤC | V95: ĐẾ VƯỢNG | W95: TUẤT | AH95: 102 | AI95: MỘC ĐỨC- HÀNH MỘC | AJ95: THỦY DIỆU - HÀNH THỦY | AN95: THÁI DƯƠNGHỢI | AO95: THÁI DƯƠNG-H | AP95: THÁI DƯƠNG H | AQ95: =CONCATENATE(TRIM(LEFT(AP95,LEN(AP95)-LEN(RIGHT(AP95)))),"-",RIGHT(AP95)) -> THÁI DƯƠNG-H | AR95: =CONCATENATE(AS95,AU95) -> THAM LANGTÝ | AS95: THAM LANG | AT95: H | AU95: TÝ | AV95: =CONCATENATE(AS95," ",AT95) -> THAM LANG H | AX95: =CONCATENATE("L.",AN95) -> L.THÁI DƯƠNGHỢI | AY95: =CONCATENATE("L.",AO95) -> L.THÁI DƯƠNG-H | DJ95: =CONCATENATE(DK95,DL95) -> MÙIDẬU | DK95: MÙI | DL95: DẬU | DM95: THÌN | DO95: VĂN KHÚC
A96: MÙI-10 | B96: CUNG MỆNH | C96: THÌN | I96: =IF(LEFT(RIGHT(L96,2))="-",LEFT(L96,LEN(L96)-LEN(RIGHT(L96,2))),L96) -> #N/A | J96: can | K96: =MATCH($I$2,OFFSET('AN CÁC SAO CHÍNH TINH'!$A$1,'AN CÁC SAO CHÍNH TINH'!K95,0,1000000),0)+'AN CÁC SAO CHÍNH TINH'!K95 -> #N/A | L96: {=INDEX($B:$B,K96)} -> #N/A | M96: {=INDEX($C:$C,K96)} -> #N/A | N96: =VLOOKUP(M96,$M$3:$N$14,2,0) -> #N/A | U96: ÂM NAMHỎA 6 CỤC | V96: LÂM QUAN | W96: HỢI | AH96: 103 | AI96: THÁI ÂM- HÀNH THỦY | AJ96: THÁI BẠCH - HÀNH KIM | AN96: THÁI DƯƠNGTÝ | AO96: THÁI DƯƠNG-H | AP96: THÁI DƯƠNG H | AQ96: =CONCATENATE(TRIM(LEFT(AP96,LEN(AP96)-LEN(RIGHT(AP96)))),"-",RIGHT(AP96)) -> THÁI DƯƠNG-H | AR96: =CONCATENATE(AS96,AU96) -> THAM LANGNGỌ | AS96: THAM LANG | AT96: H | AU96: NGỌ | AV96: =CONCATENATE(AS96," ",AT96) -> THAM LANG H | AX96: =CONCATENATE("L.",AN96) -> L.THÁI DƯƠNGTÝ | AY96: =CONCATENATE("L.",AO96) -> L.THÁI DƯƠNG-H | DJ96: =CONCATENATE(DK96,DL96) -> MÙITUẤT | DK96: MÙI | DL96: TUẤT | DM96: TỴ | DO96: VĂN XƯƠNG
A97: MÙI-11 | B97: CUNG MỆNH | C97: TỴ | I97: =IF(LEFT(RIGHT(L97,2))="-",LEFT(L97,LEN(L97)-LEN(RIGHT(L97,2))),L97) -> #N/A | J97: can | K97: =MATCH($I$2,OFFSET('AN CÁC SAO CHÍNH TINH'!$A$1,'AN CÁC SAO CHÍNH TINH'!K96,0,1000000),0)+'AN CÁC SAO CHÍNH TINH'!K96 -> #N/A | L97: {=INDEX($B:$B,K97)} -> #N/A | M97: {=INDEX($C:$C,K97)} -> #N/A | N97: =VLOOKUP(M97,$M$3:$N$14,2,0) -> #N/A | U97: ÂM NAMHỎA 6 CỤC | V97: QUAN ĐỚI | W97: TÝ | AH97: 104 | AI97: THỔ TÚ - HÀNH THỔ | AJ97: THÁI DƯƠNG - HÀNH HỎA | AN97: THIÊN CƠTHÌN | AO97: THIÊN CƠ-M | AP97: THIÊN CƠ M | AQ97: =CONCATENATE(TRIM(LEFT(AP97,LEN(AP97)-LEN(RIGHT(AP97)))),"-",RIGHT(AP97)) -> THIÊN CƠ-M | AR97: =CONCATENATE(AS97,AU97) -> THAM LANGMÃO | AS97: THAM LANG | AT97: H | AU97: MÃO | AV97: =CONCATENATE(AS97," ",AT97) -> THAM LANG H | AX97: =CONCATENATE("L.",AN97) -> L.THIÊN CƠTHÌN | AY97: =CONCATENATE("L.",AO97) -> L.THIÊN CƠ-M | DJ97: =CONCATENATE(DK97,DL97) -> MÙIHỢI | DK97: MÙI | DL97: HỢI | DM97: NGỌ | DO97: VŨ KHÚC
A98: MÙI-12 | B98: CUNG MỆNH | C98: NGỌ | I98: =IF(LEFT(RIGHT(L98,2))="-",LEFT(L98,LEN(L98)-LEN(RIGHT(L98,2))),L98) -> #N/A | J98: can | K98: =MATCH($I$2,OFFSET('AN CÁC SAO CHÍNH TINH'!$A$1,'AN CÁC SAO CHÍNH TINH'!K97,0,1000000),0)+'AN CÁC SAO CHÍNH TINH'!K97 -> #N/A | L98: {=INDEX($B:$B,K98)} -> #N/A | M98: {=INDEX($C:$C,K98)} -> #N/A | N98: =VLOOKUP(M98,$M$3:$N$14,2,0) -> #N/A | U98: ÂM NAMHỎA 6 CỤC | V98: MỘC DỤC | W98: SỬU | AH98: 105 | AI98: LA HẦU - HÀNH KIM | AJ98: VÂN HỚN - HÀNH HỎA | AN98: THIÊN CƠTUẤT | AO98: THIÊN CƠ-M | AP98: THIÊN CƠ M | AQ98: =CONCATENATE(TRIM(LEFT(AP98,LEN(AP98)-LEN(RIGHT(AP98)))),"-",RIGHT(AP98)) -> THIÊN CƠ-M | AR98: =CONCATENATE(AS98,AU98) -> THAM LANGDẬU | AS98: THAM LANG | AT98: H | AU98: DẬU | AV98: =CONCATENATE(AS98," ",AT98) -> THAM LANG H | AX98: =CONCATENATE("L.",AN98) -> L.THIÊN CƠTUẤT | AY98: =CONCATENATE("L.",AO98) -> L.THIÊN CƠ-M | DJ98: =CONCATENATE(DK98,DL98) -> THÂNTÝ | DK98: THÂN | DL98: TÝ | DM98: THÂN
A99: THÂN-1 | B99: CUNG MỆNH | C99: NGỌ | I99: =IF(LEFT(RIGHT(L99,2))="-",LEFT(L99,LEN(L99)-LEN(RIGHT(L99,2))),L99) -> #N/A | J99: can | K99: =MATCH($I$2,OFFSET('AN CÁC SAO CHÍNH TINH'!$A$1,'AN CÁC SAO CHÍNH TINH'!K98,0,1000000),0)+'AN CÁC SAO CHÍNH TINH'!K98 -> #N/A | L99: {=INDEX($B:$B,K99)} -> #N/A | M99: {=INDEX($C:$C,K99)} -> #N/A | N99: =VLOOKUP(M99,$M$3:$N$14,2,0) -> #N/A | U99: ÂM NAMKIM 4 CỤC | V99: TRƯỜNG SINH | W99: TỴ | AH99: 106 | AI99: THÁI DƯƠNG - HÀNH HỎA | AJ99: KẾ ĐÔ - HÀNH THỔ | AN99: THIÊN CƠMÃO | AO99: THIÊN CƠ-M | AP99: THIÊN CƠ M | AQ99: =CONCATENATE(TRIM(LEFT(AP99,LEN(AP99)-LEN(RIGHT(AP99)))),"-",RIGHT(AP99)) -> THIÊN CƠ-M | AR99: =CONCATENATE(AS99,AU99) -> CỰ MÔNMÃO | AS99: CỰ MÔN | AT99: M | AU99: MÃO | AV99: =CONCATENATE(AS99," ",AT99) -> CỰ MÔN M | AX99: =CONCATENATE("L.",AN99) -> L.THIÊN CƠMÃO | AY99: =CONCATENATE("L.",AO99) -> L.THIÊN CƠ-M | DJ99: =CONCATENATE(DK99,DL99) -> THÂNSỬU | DK99: THÂN | DL99: SỬU | DM99: DẬU
A100: THÂN-2 | B100: CUNG MỆNH | C100: MÙI | I100: =IF(LEFT(RIGHT(L100,2))="-",LEFT(L100,LEN(L100)-LEN(RIGHT(L100,2))),L100) -> #N/A | J100: can | K100: =MATCH($I$2,OFFSET('AN CÁC SAO CHÍNH TINH'!$A$1,'AN CÁC SAO CHÍNH TINH'!K99,0,1000000),0)+'AN CÁC SAO CHÍNH TINH'!K99 -> #N/A | L100: {=INDEX($B:$B,K100)} -> #N/A | M100: {=INDEX($C:$C,K100)} -> #N/A | N100: =VLOOKUP(M100,$M$3:$N$14,2,0) -> #N/A | U100: ÂM NAMKIM 4 CỤC | V100: DƯỠNG | W100: NGỌ | AH100: 107 | AI100: THÁI BẠCH - HÀNH KIM | AJ100: THÁI ÂM- HÀNH THỦY | AN100: THIÊN CƠDẬU | AO100: THIÊN CƠ-M | AP100: THIÊN CƠ M | AQ100: =CONCATENATE(TRIM(LEFT(AP100,LEN(AP100)-LEN(RIGHT(AP100)))),"-",RIGHT(AP100)) -> THIÊN CƠ-M | AR100: =CONCATENATE(AS100,AU100) -> CỰ MÔNDẬU | AS100: CỰ MÔN | AT100: M | AU100: DẬU | AV100: =CONCATENATE(AS100," ",AT100) -> CỰ MÔN M | AX100: =CONCATENATE("L.",AN100) -> L.THIÊN CƠDẬU | AY100: =CONCATENATE("L.",AO100) -> L.THIÊN CƠ-M | DJ100: =CONCATENATE(DK100,DL100) -> THÂNDẦN | DK100: THÂN | DL100: DẦN | DM100: TUẤT
A101: THÂN-3 | B101: CUNG MỆNH | C101: THÂN | I101: =IF(LEFT(RIGHT(L101,2))="-",LEFT(L101,LEN(L101)-LEN(RIGHT(L101,2))),L101) -> #N/A | J101: can | K101: =MATCH($I$2,OFFSET('AN CÁC SAO CHÍNH TINH'!$A$1,'AN CÁC SAO CHÍNH TINH'!K100,0,1000000),0)+'AN CÁC SAO CHÍNH TINH'!K100 -> #N/A | L101: {=INDEX($B:$B,K101)} -> #N/A | M101: {=INDEX($C:$C,K101)} -> #N/A | N101: =VLOOKUP(M101,$M$3:$N$14,2,0) -> #N/A | U101: ÂM NAMKIM 4 CỤC | V101: THAI | W101: MÙI | AH101: 108 | AI101: THỦY DIỆU - HÀNH THỦY | AJ101: MỘC ĐỨC- HÀNH MỘC | AN101: THIÊN CƠTỴ | AO101: THIÊN CƠ-V | AP101: THIÊN CƠ V | AQ101: =CONCATENATE(TRIM(LEFT(AP101,LEN(AP101)-LEN(RIGHT(AP101)))),"-",RIGHT(AP101)) -> THIÊN CƠ-V | AR101: =CONCATENATE(AS101,AU101) -> CỰ MÔNTÝ | AS101: CỰ MÔN | AT101: V | AU101: TÝ | AV101: =CONCATENATE(AS101," ",AT101) -> CỰ MÔN V | AX101: =CONCATENATE("L.",AN101) -> L.THIÊN CƠTỴ | AY101: =CONCATENATE("L.",AO101) -> L.THIÊN CƠ-V | DJ101: =CONCATENATE(DK101,DL101) -> THÂNMÃO | DK101: THÂN | DL101: MÃO | DM101: HỢI
...

Sheet AN SAO LƯU VÀ ĐẠI VẬN
AJ1: TẠO CÁC SAO PHI HÓA
A2: NĂM | B2: SAO LƯU | C2: CUNG | E2: AN SAO LƯU | F2: NĂM XEM | G2: =VLOOKUP($F$3,'NGŨ HÀNH'!$A:$I,3,0) -> TỴ | H2: CHI | L2: CUNG | M2: SAO LƯU | N2: thuộc cung nào trong lá số | R2: NĂM | S2: SAO ĐẠI VẬN | T2: CUNG | X2: AN ĐẠI VẬN | Y2: ='TẠO LÁ SỐ'!M48 -> Giáp Dần | Z2: =LEFT($Y$2,LEN($Y$2)-LEN(MID($Y$2,FIND(" ",$Y$2,1),100))) -> Giáp | AB2: đv | AD2: CUNG | AE2: ĐẠI VẬN | AF2: thuộc cung nào trong lá số | AJ2: KẾT HỢP | AK2: NĂM | AL2: SAO LƯU | AM2: CUNG
A3: TÝ | B3: L.MỆNH | C3: TÝ | D3: #N/A | F3: ='TẠO LÁ SỐ'!L46 -> 2025 | G3: =VLOOKUP($F$3,'NGŨ HÀNH'!$A:$I,2,0) -> ẤT | H3: CAN | I3: AN DỰA VÀO CHI | J3: =IF(LEFT(RIGHT(L3,2))="-",LEFT(L3,LEN(L3)-LEN(RIGHT(L3,2))),L3) -> L.MỆNH | K3: =MATCH($G$2,OFFSET($A$1,K2,0,100000),0)+K2 -> 63 | L3: {=INDEX($B:$B,K3)} -> L.MỆNH | M3: {=INDEX($C:$C,K3)} -> TỴ | N3: =IF(IFERROR(VLOOKUP(M3,'AN CÁC SAO CHÍNH TINH'!$M:$N,2,0),"")="",VLOOKUP(M3,'AN CÁC SAO CHÍNH TINH'!$L:$N,3,0),IFERROR(VLOOKUP(M3,'AN CÁC SAO CHÍNH TINH'!$M:$N,2,0),"")) -> CUNG NÔ BỘC | R3: TÝ | S3: Đ.V.CUNG.MỆNH | T3: TÝ | Z3: =TRIM(RIGHT($Y$2,LEN($Y$2)-LEN($Z$2))) -> Dần | AA3: AN ĐẠI VẬN THEO CHI ĐẠI VẬN | AB3: =IF(LEFT(RIGHT(AE3,2))="-",LEFT(AE3,LEN(AE3)-LEN(RIGHT(AE3,2))),AE3) -> Đ.V.CUNG.MỆNH | AC3: =MATCH($Z$3,OFFSET($R$1,AC2,0,100000),0)+AC2 -> 27 | AD3: {=INDEX($T:$T,AC3)} -> DẦN | AE3: {=INDEX($S:$S,AC3)} -> Đ.V.CUNG.MỆNH | AF3: =IF(IFERROR(VLOOKUP(AD3,'AN CÁC SAO CHÍNH TINH'!$M:$N,2,0),"")="",VLOOKUP(AD3,'AN CÁC SAO CHÍNH TINH'!$L$16:$N$1048575,3,0),IFERROR(VLOOKUP(AD3,'AN CÁC SAO CHÍNH TINH'!$M:$N,2,0),"")) -> CUNG PHÚC ĐỨC | AJ3: ẤT P. HÓA QUYỀN | AK3: ẤT | AL3: P. HÓA QUYỀN | AM3: THIÊN LƯƠNG
A4: TÝ | B4: L.PHỤ MẪU | C4: SỬU | D4: #N/A | G4: =VLOOKUP($F$3,'NGŨ HÀNH'!$A:$I,4,0) -> Ất Tỵ | H4: KẾT HỢP CAN CHI | I4: AN DỰA VÀO CHI | J4: =IF(LEFT(RIGHT(L4,2))="-",LEFT(L4,LEN(L4)-LEN(RIGHT(L4,2))),L4) -> L.PHỤ MẪU | K4: =MATCH($G$2,OFFSET($A$1,K3,0,100000),0)+K3 -> 64 | L4: {=INDEX($B:$B,K4)} -> L.PHỤ MẪU | M4: {=INDEX($C:$C,K4)} -> NGỌ | N4: =IF(IFERROR(VLOOKUP(M4,'AN CÁC SAO CHÍNH TINH'!$M:$N,2,0),"")="",VLOOKUP(M4,'AN CÁC SAO CHÍNH TINH'!$L:$N,3,0),IFERROR(VLOOKUP(M4,'AN CÁC SAO CHÍNH TINH'!$M:$N,2,0),"")) -> CUNG THIÊN DI | R4: TÝ | S4: Đ.V.CUNG.PHỤ MẪU | T4: SỬU | AA4: AN ĐẠI VẬN THEO CHI ĐẠI VẬN | AB4: =IF(LEFT(RIGHT(AE4,2))="-",LEFT(AE4,LEN(AE4)-LEN(RIGHT(AE4,2))),AE4) -> Đ.V.CUNG.PHỤ MẪU | AC4: =MATCH($Z$3,OFFSET($R$1,AC3,0,100000),0)+AC3 -> 28 | AD4: {=INDEX($T:$T,AC4)} -> MÃO | AE4: {=INDEX($S:$S,AC4)} -> Đ.V.CUNG.PHỤ MẪU | AF4: =IF(IFERROR(VLOOKUP(AD4,'AN CÁC SAO CHÍNH TINH'!$M:$N,2,0),"")="",VLOOKUP(AD4,'AN CÁC SAO CHÍNH TINH'!$L$16:$N$1048575,3,0),IFERROR(VLOOKUP(AD4,'AN CÁC SAO CHÍNH TINH'!$M:$N,2,0),"")) -> CUNG ĐIỀN TRẠCH | AJ4: ẤT P. HÓA LỘC | AK4: ẤT | AL4: P. HÓA LỘC | AM4: THIÊN CƠ
A5: TÝ | B5: L.CUNG PHÚC | C5: DẦN | D5: #N/A | G5: =CONCATENATE($H$5,"-",G3) -> ÂM NỮ-ẤT | H5: ='TẠO LÁ SỐ'!$L$38 -> ÂM NỮ | I5: AN DỰA VÀO CHI | J5: =IF(LEFT(RIGHT(L5,2))="-",LEFT(L5,LEN(L5)-LEN(RIGHT(L5,2))),L5) -> L.CUNG PHÚC | K5: =MATCH($G$2,OFFSET($A$1,K4,0,100000),0)+K4 -> 65 | L5: {=INDEX($B:$B,K5)} -> L.CUNG PHÚC | M5: {=INDEX($C:$C,K5)} -> MÙI | N5: =IF(IFERROR(VLOOKUP(M5,'AN CÁC SAO CHÍNH TINH'!$M:$N,2,0),"")="",VLOOKUP(M5,'AN CÁC SAO CHÍNH TINH'!$L:$N,3,0),IFERROR(VLOOKUP(M5,'AN CÁC SAO CHÍNH TINH'!$M:$N,2,0),"")) -> CUNG TẬT ÁCH | R5: TÝ | S5: Đ.V.CUNG PHÚC | T5: DẦN | AA5: AN ĐẠI VẬN THEO CHI ĐẠI VẬN | AB5: =IF(LEFT(RIGHT(AE5,2))="-",LEFT(AE5,LEN(AE5)-LEN(RIGHT(AE5,2))),AE5) -> Đ.V.CUNG PHÚC | AC5: =MATCH($Z$3,OFFSET($R$1,AC4,0,100000),0)+AC4 -> 29 | AD5: {=INDEX($T:$T,AC5)} -> THÌN | AE5: {=INDEX($S:$S,AC5)} -> Đ.V.CUNG PHÚC | AF5: =IF(IFERROR(VLOOKUP(AD5,'AN CÁC SAO CHÍNH TINH'!$M:$N,2,0),"")="",VLOOKUP(AD5,'AN CÁC SAO CHÍNH TINH'!$L$16:$N$1048575,3,0),IFERROR(VLOOKUP(AD5,'AN CÁC SAO CHÍNH TINH'!$M:$N,2,0),"")) -> CUNG QUAN LỘC | AJ5: ẤT P. HÓA KỴ | AK5: ẤT | AL5: P. HÓA KỴ | AM5: THÁI ÂM
A6: TÝ | B6: L.ĐIỀN TRẠCH | C6: MÃO | D6: #N/A | I6: AN DỰA VÀO CHI | J6: =IF(LEFT(RIGHT(L6,2))="-",LEFT(L6,LEN(L6)-LEN(RIGHT(L6,2))),L6) -> L.ĐIỀN TRẠCH | K6: =MATCH($G$2,OFFSET($A$1,K5,0,100000),0)+K5 -> 66 | L6: {=INDEX($B:$B,K6)} -> L.ĐIỀN TRẠCH | M6: {=INDEX($C:$C,K6)} -> THÂN | N6: =IF(IFERROR(VLOOKUP(M6,'AN CÁC SAO CHÍNH TINH'!$M:$N,2,0),"")="",VLOOKUP(M6,'AN CÁC SAO CHÍNH TINH'!$L:$N,3,0),IFERROR(VLOOKUP(M6,'AN CÁC SAO CHÍNH TINH'!$M:$N,2,0),"")) -> CUNG TÀI BẠCH | R6: TÝ | S6: Đ.V.CUNG.ĐIỀN TRẠCH | T6: MÃO | AA6: AN ĐẠI VẬN THEO CHI ĐẠI VẬN | AB6: =IF(LEFT(RIGHT(AE6,2))="-",LEFT(AE6,LEN(AE6)-LEN(RIGHT(AE6,2))),AE6) -> Đ.V.CUNG.ĐIỀN TRẠCH | AC6: =MATCH($Z$3,OFFSET($R$1,AC5,0,100000),0)+AC5 -> 30 | AD6: {=INDEX($T:$T,AC6)} -> TỴ | AE6: {=INDEX($S:$S,AC6)} -> Đ.V.CUNG.ĐIỀN TRẠCH | AF6: =IF(IFERROR(VLOOKUP(AD6,'AN CÁC SAO CHÍNH TINH'!$M:$N,2,0),"")="",VLOOKUP(AD6,'AN CÁC SAO CHÍNH TINH'!$L$16:$N$1048575,3,0),IFERROR(VLOOKUP(AD6,'AN CÁC SAO CHÍNH TINH'!$M:$N,2,0),"")) -> CUNG NÔ BỘC | AJ6: ẤT P. HÓA KHOA | AK6: ẤT | AL6: P. HÓA KHOA | AM6: TỬ VI
A7: TÝ | B7: L.QUAN LỘC | C7: THÌN | D7: #N/A | I7: AN DỰA VÀO CHI | J7: =IF(LEFT(RIGHT(L7,2))="-",LEFT(L7,LEN(L7)-LEN(RIGHT(L7,2))),L7) -> L.QUAN LỘC | K7: =MATCH($G$2,OFFSET($A$1,K6,0,100000),0)+K6 -> 67 | L7: {=INDEX($B:$B,K7)} -> L.QUAN LỘC | M7: {=INDEX($C:$C,K7)} -> DẬU | N7: =IF(IFERROR(VLOOKUP(M7,'AN CÁC SAO CHÍNH TINH'!$M:$N,2,0),"")="",VLOOKUP(M7,'AN CÁC SAO CHÍNH TINH'!$L:$N,3,0),IFERROR(VLOOKUP(M7,'AN CÁC SAO CHÍNH TINH'!$M:$N,2,0),"")) -> CUNG TỬ TỨC | R7: TÝ | S7: Đ.V.CUNG.QUAN LỘC | T7: THÌN | AA7: AN ĐẠI VẬN THEO CHI ĐẠI VẬN | AB7: =IF(LEFT(RIGHT(AE7,2))="-",LEFT(AE7,LEN(AE7)-LEN(RIGHT(AE7,2))),AE7) -> Đ.V.CUNG.QUAN LỘC | AC7: =MATCH($Z$3,OFFSET($R$1,AC6,0,100000),0)+AC6 -> 31 | AD7: {=INDEX($T:$T,AC7)} -> NGỌ | AE7: {=INDEX($S:$S,AC7)} -> Đ.V.CUNG.QUAN LỘC | AF7: =IF(IFERROR(VLOOKUP(AD7,'AN CÁC SAO CHÍNH TINH'!$M:$N,2,0),"")="",VLOOKUP(AD7,'AN CÁC SAO CHÍNH TINH'!$L$16:$N$1048575,3,0),IFERROR(VLOOKUP(AD7,'AN CÁC SAO CHÍNH TINH'!$M:$N,2,0),"")) -> CUNG THIÊN DI | AJ7: BÍNH P. HÓA QUYỀN | AK7: BÍNH | AL7: P. HÓA QUYỀN | AM7: THIÊN CƠ
A8: TÝ | B8: L.NÔ BỘC | C8: TỴ | D8: #N/A | I8: AN DỰA VÀO CHI | J8: =IF(LEFT(RIGHT(L8,2))="-",LEFT(L8,LEN(L8)-LEN(RIGHT(L8,2))),L8) -> L.NÔ BỘC | K8: =MATCH($G$2,OFFSET($A$1,K7,0,100000),0)+K7 -> 68 | L8: {=INDEX($B:$B,K8)} -> L.NÔ BỘC | M8: {=INDEX($C:$C,K8)} -> TUẤT | N8: =IF(IFERROR(VLOOKUP(M8,'AN CÁC SAO CHÍNH TINH'!$M:$N,2,0),"")="",VLOOKUP(M8,'AN CÁC SAO CHÍNH TINH'!$L:$N,3,0),IFERROR(VLOOKUP(M8,'AN CÁC SAO CHÍNH TINH'!$M:$N,2,0),"")) -> CUNG PHU/THÊ | R8: TÝ | S8: Đ.V.CUNG.NÔ BỘC | T8: TỴ | AA8: AN ĐẠI VẬN THEO CHI ĐẠI VẬN | AB8: =IF(LEFT(RIGHT(AE8,2))="-",LEFT(AE8,LEN(AE8)-LEN(RIGHT(AE8,2))),AE8) -> Đ.V.CUNG.NÔ BỘC | AC8: =MATCH($Z$3,OFFSET($R$1,AC7,0,100000),0)+AC7 -> 32 | AD8: {=INDEX($T:$T,AC8)} -> MÙI | AE8: {=INDEX($S:$S,AC8)} -> Đ.V.CUNG.NÔ BỘC | AF8: =IF(IFERROR(VLOOKUP(AD8,'AN CÁC SAO CHÍNH TINH'!$M:$N,2,0),"")="",VLOOKUP(AD8,'AN CÁC SAO CHÍNH TINH'!$L$16:$N$1048575,3,0),IFERROR(VLOOKUP(AD8,'AN CÁC SAO CHÍNH TINH'!$M:$N,2,0),"")) -> CUNG TẬT ÁCH | AJ8: BÍNH P. HÓA LỘC | AK8: BÍNH | AL8: P. HÓA LỘC | AM8: THIÊN ĐỒNG
A9: TÝ | B9: L.THIÊN DI | C9: NGỌ | D9: #N/A | I9: AN DỰA VÀO CHI | J9: =IF(LEFT(RIGHT(L9,2))="-",LEFT(L9,LEN(L9)-LEN(RIGHT(L9,2))),L9) -> L.THIÊN DI | K9: =MATCH($G$2,OFFSET($A$1,K8,0,100000),0)+K8 -> 69 | L9: {=INDEX($B:$B,K9)} -> L.THIÊN DI | M9: {=INDEX($C:$C,K9)} -> HỢI | N9: =IF(IFERROR(VLOOKUP(M9,'AN CÁC SAO CHÍNH TINH'!$M:$N,2,0),"")="",VLOOKUP(M9,'AN CÁC SAO CHÍNH TINH'!$L:$N,3,0),IFERROR(VLOOKUP(M9,'AN CÁC SAO CHÍNH TINH'!$M:$N,2,0),"")) -> CUNG HUYNH ĐỆ | R9: TÝ | S9: Đ.V.CUNG.THIÊN DI | T9: NGỌ | AA9: AN ĐẠI VẬN THEO CHI ĐẠI VẬN | AB9: =IF(LEFT(RIGHT(AE9,2))="-",LEFT(AE9,LEN(AE9)-LEN(RIGHT(AE9,2))),AE9) -> Đ.V.CUNG.THIÊN DI | AC9: =MATCH($Z$3,OFFSET($R$1,AC8,0,100000),0)+AC8 -> 33 | AD9: {=INDEX($T:$T,AC9)} -> THÂN | AE9: {=INDEX($S:$S,AC9)} -> Đ.V.CUNG.THIÊN DI | AF9: =IF(IFERROR(VLOOKUP(AD9,'AN CÁC SAO CHÍNH TINH'!$M:$N,2,0),"")="",VLOOKUP(AD9,'AN CÁC SAO CHÍNH TINH'!$L$16:$N$1048575,3,0),IFERROR(VLOOKUP(AD9,'AN CÁC SAO CHÍNH TINH'!$M:$N,2,0),"")) -> CUNG TÀI BẠCH | AJ9: BÍNH P. HÓA KỴ | AK9: BÍNH | AL9: P. HÓA KỴ | AM9: LIÊM TRINH
A10: TÝ | B10: L.CUNG TẬT | C10: MÙI | D10: #N/A | I10: AN DỰA VÀO CHI | J10: =IF(LEFT(RIGHT(L10,2))="-",LEFT(L10,LEN(L10)-LEN(RIGHT(L10,2))),L10) -> L.CUNG TẬT | K10: =MATCH($G$2,OFFSET($A$1,K9,0,100000),0)+K9 -> 70 | L10: {=INDEX($B:$B,K10)} -> L.CUNG TẬT | M10: {=INDEX($C:$C,K10)} -> TÝ | N10: =IF(IFERROR(VLOOKUP(M10,'AN CÁC SAO CHÍNH TINH'!$M:$N,2,0),"")="",VLOOKUP(M10,'AN CÁC SAO CHÍNH TINH'!$L:$N,3,0),IFERROR(VLOOKUP(M10,'AN CÁC SAO CHÍNH TINH'!$M:$N,2,0),"")) -> CUNG MỆNH | R10: TÝ | S10: Đ.V.CUNG TẬT | T10: MÙI | AA10: AN ĐẠI VẬN THEO CHI ĐẠI VẬN | AB10: =IF(LEFT(RIGHT(AE10,2))="-",LEFT(AE10,LEN(AE10)-LEN(RIGHT(AE10,2))),AE10) -> Đ.V.CUNG TẬT | AC10: =MATCH($Z$3,OFFSET($R$1,AC9,0,100000),0)+AC9 -> 34 | AD10: {=INDEX($T:$T,AC10)} -> DẬU | AE10: {=INDEX($S:$S,AC10)} -> Đ.V.CUNG TẬT | AF10: =IF(IFERROR(VLOOKUP(AD10,'AN CÁC SAO CHÍNH TINH'!$M:$N,2,0),"")="",VLOOKUP(AD10,'AN CÁC SAO CHÍNH TINH'!$L$16:$N$1048575,3,0),IFERROR(VLOOKUP(AD10,'AN CÁC SAO CHÍNH TINH'!$M:$N,2,0),"")) -> CUNG TỬ TỨC | AJ10: BÍNH P. HÓA KHOA | AK10: BÍNH | AL10: P. HÓA KHOA | AM10: VĂN XƯƠNG
A11: TÝ | B11: L.TÀI BẠCH | C11: THÂN | D11: #N/A | I11: AN DỰA VÀO CHI | J11: =IF(LEFT(RIGHT(L11,2))="-",LEFT(L11,LEN(L11)-LEN(RIGHT(L11,2))),L11) -> L.TÀI BẠCH | K11: =MATCH($G$2,OFFSET($A$1,K10,0,100000),0)+K10 -> 71 | L11: {=INDEX($B:$B,K11)} -> L.TÀI BẠCH | M11: {=INDEX($C:$C,K11)} -> SỬU | N11: =IF(IFERROR(VLOOKUP(M11,'AN CÁC SAO CHÍNH TINH'!$M:$N,2,0),"")="",VLOOKUP(M11,'AN CÁC SAO CHÍNH TINH'!$L:$N,3,0),IFERROR(VLOOKUP(M11,'AN CÁC SAO CHÍNH TINH'!$M:$N,2,0),"")) -> CUNG PHỤ MẪU | R11: TÝ | S11: Đ.V.CUNG.TÀI BẠCH | T11: THÂN | AA11: AN ĐẠI VẬN THEO CHI ĐẠI VẬN | AB11: =IF(LEFT(RIGHT(AE11,2))="-",LEFT(AE11,LEN(AE11)-LEN(RIGHT(AE11,2))),AE11) -> Đ.V.CUNG.TÀI BẠCH | AC11: =MATCH($Z$3,OFFSET($R$1,AC10,0,100000),0)+AC10 -> 35 | AD11: {=INDEX($T:$T,AC11)} -> TUẤT | AE11: {=INDEX($S:$S,AC11)} -> Đ.V.CUNG.TÀI BẠCH | AF11: =IF(IFERROR(VLOOKUP(AD11,'AN CÁC SAO CHÍNH TINH'!$M:$N,2,0),"")="",VLOOKUP(AD11,'AN CÁC SAO CHÍNH TINH'!$L$16:$N$1048575,3,0),IFERROR(VLOOKUP(AD11,'AN CÁC SAO CHÍNH TINH'!$M:$N,2,0),"")) -> CUNG PHU/THÊ | AJ11: CANH P. HÓA QUYỀN | AK11: CANH | AL11: P. HÓA QUYỀN | AM11: VŨ KHÚC
A12: TÝ | B12: L.TỬ TỨC | C12: DẬU | D12: #N/A | I12: AN DỰA VÀO CHI | J12: =IF(LEFT(RIGHT(L12,2))="-",LEFT(L12,LEN(L12)-LEN(RIGHT(L12,2))),L12) -> L.TỬ TỨC | K12: =MATCH($G$2,OFFSET($A$1,K11,0,100000),0)+K11 -> 72 | L12: {=INDEX($B:$B,K12)} -> L.TỬ TỨC | M12: {=INDEX($C:$C,K12)} -> DẦN | N12: =IF(IFERROR(VLOOKUP(M12,'AN CÁC SAO CHÍNH TINH'!$M:$N,2,0),"")="",VLOOKUP(M12,'AN CÁC SAO CHÍNH TINH'!$L:$N,3,0),IFERROR(VLOOKUP(M12,'AN CÁC SAO CHÍNH TINH'!$M:$N,2,0),"")) -> CUNG PHÚC ĐỨC | R12: TÝ | S12: Đ.V.CUNG.TỬ TỨC | T12: DẬU | AA12: AN ĐẠI VẬN THEO CHI ĐẠI VẬN | AB12: =IF(LEFT(RIGHT(AE12,2))="-",LEFT(AE12,LEN(AE12)-LEN(RIGHT(AE12,2))),AE12) -> Đ.V.CUNG.TỬ TỨC | AC12: =MATCH($Z$3,OFFSET($R$1,AC11,0,100000),0)+AC11 -> 36 | AD12: {=INDEX($T:$T,AC12)} -> HỢI | AE12: {=INDEX($S:$S,AC12)} -> Đ.V.CUNG.TỬ TỨC | AF12: =IF(IFERROR(VLOOKUP(AD12,'AN CÁC SAO CHÍNH TINH'!$M:$N,2,0),"")="",VLOOKUP(AD12,'AN CÁC SAO CHÍNH TINH'!$L$16:$N$1048575,3,0),IFERROR(VLOOKUP(AD12,'AN CÁC SAO CHÍNH TINH'!$M:$N,2,0),"")) -> CUNG HUYNH ĐỆ | AJ12: CANH P. HÓA LỘC | AK12: CANH | AL12: P. HÓA LỘC | AM12: THÁI DƯƠNG
A13: TÝ | B13: L.CUNG PHU/THÊ | C13: TUẤT | D13: #N/A | I13: AN DỰA VÀO CHI | J13: =IF(LEFT(RIGHT(L13,2))="-",LEFT(L13,LEN(L13)-LEN(RIGHT(L13,2))),L13) -> L.CUNG PHU/THÊ | K13: =MATCH($G$2,OFFSET($A$1,K12,0,100000),0)+K12 -> 73 | L13: {=INDEX($B:$B,K13)} -> L.CUNG PHU/THÊ | M13: {=INDEX($C:$C,K13)} -> MÃO | N13: =IF(IFERROR(VLOOKUP(M13,'AN CÁC SAO CHÍNH TINH'!$M:$N,2,0),"")="",VLOOKUP(M13,'AN CÁC SAO CHÍNH TINH'!$L:$N,3,0),IFERROR(VLOOKUP(M13,'AN CÁC SAO CHÍNH TINH'!$M:$N,2,0),"")) -> CUNG ĐIỀN TRẠCH | R13: TÝ | S13: Đ.V.CUNG PHU/THÊ | T13: TUẤT | AA13: AN ĐẠI VẬN THEO CHI ĐẠI VẬN | AB13: =IF(LEFT(RIGHT(AE13,2))="-",LEFT(AE13,LEN(AE13)-LEN(RIGHT(AE13,2))),AE13) -> Đ.V.CUNG PHU/THÊ | AC13: =MATCH($Z$3,OFFSET($R$1,AC12,0,100000),0)+AC12 -> 37 | AD13: {=INDEX($T:$T,AC13)} -> TÝ | AE13: {=INDEX($S:$S,AC13)} -> Đ.V.CUNG PHU/THÊ | AF13: =IF(IFERROR(VLOOKUP(AD13,'AN CÁC SAO CHÍNH TINH'!$M:$N,2,0),"")="",VLOOKUP(AD13,'AN CÁC SAO CHÍNH TINH'!$L$16:$N$1048575,3,0),IFERROR(VLOOKUP(AD13,'AN CÁC SAO CHÍNH TINH'!$M:$N,2,0),"")) -> CUNG MỆNH | AJ13: CANH P. HÓA KỴ | AK13: CANH | AL13: P. HÓA KỴ | AM13: THÁI ÂM
A14: TÝ | B14: L.BÀO | C14: HỢI | D14: #N/A | I14: AN DỰA VÀO CHI | J14: =IF(LEFT(RIGHT(L14,2))="-",LEFT(L14,LEN(L14)-LEN(RIGHT(L14,2))),L14) -> L.BÀO | K14: =MATCH($G$2,OFFSET($A$1,K13,0,100000),0)+K13 -> 74 | L14: {=INDEX($B:$B,K14)} -> L.BÀO | M14: {=INDEX($C:$C,K14)} -> THÌN | N14: =IF(IFERROR(VLOOKUP(M14,'AN CÁC SAO CHÍNH TINH'!$M:$N,2,0),"")="",VLOOKUP(M14,'AN CÁC SAO CHÍNH TINH'!$L:$N,3,0),IFERROR(VLOOKUP(M14,'AN CÁC SAO CHÍNH TINH'!$M:$N,2,0),"")) -> CUNG QUAN LỘC | R14: TÝ | S14: Đ.V.CUNG.BÀO | T14: HỢI | AA14: AN ĐẠI VẬN THEO CHI ĐẠI VẬN | AB14: =IF(LEFT(RIGHT(AE14,2))="-",LEFT(AE14,LEN(AE14)-LEN(RIGHT(AE14,2))),AE14) -> Đ.V.CUNG.BÀO | AC14: =MATCH($Z$3,OFFSET($R$1,AC13,0,100000),0)+AC13 -> 38 | AD14: {=INDEX($T:$T,AC14)} -> SỬU | AE14: {=INDEX($S:$S,AC14)} -> Đ.V.CUNG.BÀO | AF14: =IF(IFERROR(VLOOKUP(AD14,'AN CÁC SAO CHÍNH TINH'!$M:$N,2,0),"")="",VLOOKUP(AD14,'AN CÁC SAO CHÍNH TINH'!$L$16:$N$1048575,3,0),IFERROR(VLOOKUP(AD14,'AN CÁC SAO CHÍNH TINH'!$M:$N,2,0),"")) -> CUNG PHỤ MẪU | AJ14: CANH P. HÓA KHOA | AK14: CANH | AL14: P. HÓA KHOA | AM14: THIÊN ĐỒNG
A15: SỬU | B15: L.MỆNH | C15: SỬU | D15: #N/A | R15: SỬU | S15: Đ.V.CUNG.MỆNH | T15: SỬU | AA15: AN ĐẠI VẬN THEO CHI ĐẠI VẬN | AB15: =IF(LEFT(RIGHT(AE15,2))="-",LEFT(AE15,LEN(AE15)-LEN(RIGHT(AE15,2))),AE15) -> Đ.V.BẠCH HỔ | AC15: =MATCH($Z$3,OFFSET($R$1,AC14,0,100000),0)+AC14 -> 149 | AD15: {=INDEX($T:$T,AC15)} -> TUẤT | AE15: {=INDEX($S:$S,AC15)} -> Đ.V.BẠCH HỔ | AF15: =IF(IFERROR(VLOOKUP(AD15,'AN CÁC SAO CHÍNH TINH'!$M:$N,2,0),"")="",VLOOKUP(AD15,'AN CÁC SAO CHÍNH TINH'!$L$16:$N$1048575,3,0),IFERROR(VLOOKUP(AD15,'AN CÁC SAO CHÍNH TINH'!$M:$N,2,0),"")) -> CUNG PHU/THÊ | AJ15: ĐINH P. HÓA QUYỀN | AK15: ĐINH | AL15: P. HÓA QUYỀN | AM15: THIÊN ĐỒNG
A16: SỬU | B16: L.PHỤ MẪU | C16: DẦN | D16: #N/A | J16: =IF(LEFT(RIGHT(L16,2))="-",LEFT(L16,LEN(L16)-LEN(RIGHT(L16,2))),L16) -> L.TUẦN | K16: =MATCH($G$4,OFFSET($A$1,K15,0,100000),0)+K15 -> 1144 | L16: {=INDEX($B:$B,K16)} -> L.TUẦN | M16: {=INDEX($C:$C,K16)} -> DẦN | N16: =IF(IFERROR(VLOOKUP(M16,'AN CÁC SAO CHÍNH TINH'!$M:$N,2,0),"")="",VLOOKUP(M16,'AN CÁC SAO CHÍNH TINH'!$L:$N,3,0),IFERROR(VLOOKUP(M16,'AN CÁC SAO CHÍNH TINH'!$M:$N,2,0),"")) -> CUNG PHÚC ĐỨC | R16: SỬU | S16: Đ.V.CUNG.PHỤ MẪU | T16: DẦN | AA16: AN ĐẠI VẬN THEO CHI ĐẠI VẬN | AB16: =IF(LEFT(RIGHT(AE16,2))="-",LEFT(AE16,LEN(AE16)-LEN(RIGHT(AE16,2))),AE16) -> Đ.V.TANG MÔN | AC16: =MATCH($Z$3,OFFSET($R$1,AC15,0,100000),0)+AC15 -> 231 | AD16: {=INDEX($T:$T,AC16)} -> THÌN | AE16: {=INDEX($S:$S,AC16)} -> Đ.V.TANG MÔN | AF16: =IF(IFERROR(VLOOKUP(AD16,'AN CÁC SAO CHÍNH TINH'!$M:$N,2,0),"")="",VLOOKUP(AD16,'AN CÁC SAO CHÍNH TINH'!$L$16:$N$1048575,3,0),IFERROR(VLOOKUP(AD16,'AN CÁC SAO CHÍNH TINH'!$M:$N,2,0),"")) -> CUNG QUAN LỘC | AJ16: ĐINH P. HÓA LỘC | AK16: ĐINH | AL16: P. HÓA LỘC | AM16: THÁI ÂM
A17: SỬU | B17: L.CUNG PHÚC | C17: MÃO | D17: #N/A | J17: =IF(LEFT(RIGHT(L17,2))="-",LEFT(L17,LEN(L17)-LEN(RIGHT(L17,2))),L17) -> L.TUẦN | K17: =MATCH($G$4,OFFSET($A$1,K16,0,100000),0)+K16 -> 1154 | L17: {=INDEX($B:$B,K17)} -> L.TUẦN | M17: {=INDEX($C:$C,K17)} -> MÃO | N17: =IF(IFERROR(VLOOKUP(M17,'AN CÁC SAO CHÍNH TINH'!$M:$N,2,0),"")="",VLOOKUP(M17,'AN CÁC SAO CHÍNH TINH'!$L:$N,3,0),IFERROR(VLOOKUP(M17,'AN CÁC SAO CHÍNH TINH'!$M:$N,2,0),"")) -> CUNG ĐIỀN TRẠCH | R17: SỬU | S17: Đ.V.CUNG PHÚC | T17: MÃO | AA17: AN ĐẠI VẬN THEO CHI ĐẠI VẬN | AB17: =IF(LEFT(RIGHT(AE17,2))="-",LEFT(AE17,LEN(AE17)-LEN(RIGHT(AE17,2))),AE17) -> Đ.V.THIÊN HƯ | AC17: =MATCH($Z$3,OFFSET($R$1,AC16,0,100000),0)+AC16 -> 248 | AD17: {=INDEX($T:$T,AC17)} -> THÂN | AE17: {=INDEX($S:$S,AC17)} -> Đ.V.THIÊN HƯ | AF17: =IF(IFERROR(VLOOKUP(AD17,'AN CÁC SAO CHÍNH TINH'!$M:$N,2,0),"")="",VLOOKUP(AD17,'AN CÁC SAO CHÍNH TINH'!$L$16:$N$1048575,3,0),IFERROR(VLOOKUP(AD17,'AN CÁC SAO CHÍNH TINH'!$M:$N,2,0),"")) -> CUNG TÀI BẠCH | AJ17: ĐINH P. HÓA KỴ | AK17: ĐINH | AL17: P. HÓA KỴ | AM17: CỰ MÔN
A18: SỬU | B18: L.ĐIỀN TRẠCH | C18: THÌN | D18: #N/A | J18: =IF(LEFT(RIGHT(L18,2))="-",LEFT(L18,LEN(L18)-LEN(RIGHT(L18,2))),L18) -> #N/A | K18: =MATCH($G$4,OFFSET($A$1,K17,0,100000),0)+K17 -> #N/A | L18: {=INDEX($B:$B,K18)} -> #N/A | M18: {=INDEX($C:$C,K18)} -> #N/A | N18: =IF(IFERROR(VLOOKUP(M18,'AN CÁC SAO CHÍNH TINH'!$M:$N,2,0),"")="",VLOOKUP(M18,'AN CÁC SAO CHÍNH TINH'!$L:$N,3,0),IFERROR(VLOOKUP(M18,'AN CÁC SAO CHÍNH TINH'!$M:$N,2,0),"")) -> #N/A | R18: SỬU | S18: Đ.V.CUNG.ĐIỀN TRẠCH | T18: THÌN | AA18: AN ĐẠI VẬN THEO CHI ĐẠI VẬN | AB18: =IF(LEFT(RIGHT(AE18,2))="-",LEFT(AE18,LEN(AE18)-LEN(RIGHT(AE18,2))),AE18) -> Đ.V.THIÊN KHỐC | AC18: =MATCH($Z$3,OFFSET($R$1,AC17,0,100000),0)+AC17 -> 261 | AD18: {=INDEX($T:$T,AC18)} -> THÌN | AE18: {=INDEX($S:$S,AC18)} -> Đ.V.THIÊN KHỐC | AF18: =IF(IFERROR(VLOOKUP(AD18,'AN CÁC SAO CHÍNH TINH'!$M:$N,2,0),"")="",VLOOKUP(AD18,'AN CÁC SAO CHÍNH TINH'!$L$16:$N$1048575,3,0),IFERROR(VLOOKUP(AD18,'AN CÁC SAO CHÍNH TINH'!$M:$N,2,0),"")) -> CUNG QUAN LỘC | AJ18: ĐINH P. HÓA KHOA | AK18: ĐINH | AL18: P. HÓA KHOA | AM18: THIÊN CƠ
A19: SỬU | B19: L.QUAN LỘC | C19: TỴ | D19: #N/A | R19: SỬU | S19: Đ.V.CUNG.QUAN LỘC | T19: TỴ | AA19: AN ĐẠI VẬN THEO CHI ĐẠI VẬN | AB19: =IF(LEFT(RIGHT(AE19,2))="-",LEFT(AE19,LEN(AE19)-LEN(RIGHT(AE19,2))),AE19) -> Đ.V.THIÊN MÃ | AC19: =MATCH($Z$3,OFFSET($R$1,AC18,0,100000),0)+AC18 -> 271 | AD19: {=INDEX($T:$T,AC19)} -> THÂN | AE19: {=INDEX($S:$S,AC19)} -> Đ.V.THIÊN MÃ | AF19: =IF(IFERROR(VLOOKUP(AD19,'AN CÁC SAO CHÍNH TINH'!$M:$N,2,0),"")="",VLOOKUP(AD19,'AN CÁC SAO CHÍNH TINH'!$L$16:$N$1048575,3,0),IFERROR(VLOOKUP(AD19,'AN CÁC SAO CHÍNH TINH'!$M:$N,2,0),"")) -> CUNG TÀI BẠCH | AJ19: GIÁP P. HÓA QUYỀN | AK19: GIÁP | AL19: P. HÓA QUYỀN | AM19: PHÁ QUÂN
A20: SỬU | B20: L.NÔ BỘC | C20: NGỌ | D20: #N/A | I20: AN DỰA VÀO CAN | J20: =IF(LEFT(RIGHT(L20,2))="-",LEFT(L20,LEN(L20)-LEN(RIGHT(L20,2))),L20) -> L.HÓA KHOA | K20: =MATCH($G$3,OFFSET($A$1,K19,0,100000),0)+K19 -> 148 | L20: {=INDEX($B:$B,K20)} -> L.HÓA KHOA | M20: {=INDEX($C:$C,K20)} -> TỬ VI | N20: =IF(IFERROR(VLOOKUP(M20,'AN CÁC SAO CHÍNH TINH'!$M:$N,2,0),"")="",VLOOKUP(M20,'AN CÁC SAO CHÍNH TINH'!$L:$N,3,0),IFERROR(VLOOKUP(M20,'AN CÁC SAO CHÍNH TINH'!$M:$N,2,0),"")) -> CUNG NÔ BỘC | O20: =CONCATENATE(N20,"-",M20) -> CUNG NÔ BỘC-TỬ VI | R20: SỬU | S20: Đ.V.CUNG.NÔ BỘC | T20: NGỌ | AA20: AN ĐẠI VẬN THEO CHI ĐẠI VẬN | AB20: =IF(LEFT(RIGHT(AE20,2))="-",LEFT(AE20,LEN(AE20)-LEN(RIGHT(AE20,2))),AE20) -> #N/A | AC20: =MATCH($Z$3,OFFSET($R$1,AC19,0,100000),0)+AC19 -> #N/A | AD20: {=INDEX($T:$T,AC20)} -> #N/A | AE20: {=INDEX($S:$S,AC20)} -> #N/A | AF20: =IF(IFERROR(VLOOKUP(AD20,'AN CÁC SAO CHÍNH TINH'!$M:$N,2,0),"")="",VLOOKUP(AD20,'AN CÁC SAO CHÍNH TINH'!$L$16:$N$1048575,3,0),IFERROR(VLOOKUP(AD20,'AN CÁC SAO CHÍNH TINH'!$M:$N,2,0),"")) -> #N/A | AJ20: GIÁP P. HÓA LỘC | AK20: GIÁP | AL20: P. HÓA LỘC | AM20: LIÊM TRINH
A21: SỬU | B21: L.THIÊN DI | C21: MÙI | D21: #N/A | I21: AN DỰA VÀO CAN | J21: =IF(LEFT(RIGHT(L21,2))="-",LEFT(L21,LEN(L21)-LEN(RIGHT(L21,2))),L21) -> L.HÓA KỴ | K21: =MATCH($G$3,OFFSET($A$1,K20,0,100000),0)+K20 -> 158 | L21: {=INDEX($B:$B,K21)} -> L.HÓA KỴ | M21: {=INDEX($C:$C,K21)} -> THÁI ÂM | N21: =IF(IFERROR(VLOOKUP(M21,'AN CÁC SAO CHÍNH TINH'!$M:$N,2,0),"")="",VLOOKUP(M21,'AN CÁC SAO CHÍNH TINH'!$L:$N,3,0),IFERROR(VLOOKUP(M21,'AN CÁC SAO CHÍNH TINH'!$M:$N,2,0),"")) -> CUNG MỆNH | O21: =CONCATENATE(N21,"-",M21) -> CUNG MỆNH-THÁI ÂM | R21: SỬU | S21: Đ.V.CUNG.THIÊN DI | T21: MÙI | AA21: AN ĐẠI VẬN THEO CHI ĐẠI VẬN | AB21: =IF(LEFT(RIGHT(AE21,2))="-",LEFT(AE21,LEN(AE21)-LEN(RIGHT(AE21,2))),AE21) -> #N/A | AC21: =MATCH($Z$3,OFFSET($R$1,AC20,0,100000),0)+AC20 -> #N/A | AD21: {=INDEX($T:$T,AC21)} -> #N/A | AE21: {=INDEX($S:$S,AC21)} -> #N/A | AF21: =IF(IFERROR(VLOOKUP(AD21,'AN CÁC SAO CHÍNH TINH'!$M:$N,2,0),"")="",VLOOKUP(AD21,'AN CÁC SAO CHÍNH TINH'!$L$16:$N$1048575,3,0),IFERROR(VLOOKUP(AD21,'AN CÁC SAO CHÍNH TINH'!$M:$N,2,0),"")) -> #N/A | AJ21: GIÁP P. HÓA KỴ | AK21: GIÁP | AL21: P. HÓA KỴ | AM21: THÁI DƯƠNG
A22: SỬU | B22: L.CUNG TẬT | C22: THÂN | D22: #N/A | I22: AN DỰA VÀO CAN | J22: =IF(LEFT(RIGHT(L22,2))="-",LEFT(L22,LEN(L22)-LEN(RIGHT(L22,2))),L22) -> L.HÓA LỘC | K22: =MATCH($G$3,OFFSET($A$1,K21,0,100000),0)+K21 -> 168 | L22: {=INDEX($B:$B,K22)} -> L.HÓA LỘC | M22: {=INDEX($C:$C,K22)} -> THIÊN CƠ | N22: =IF(IFERROR(VLOOKUP(M22,'AN CÁC SAO CHÍNH TINH'!$M:$N,2,0),"")="",VLOOKUP(M22,'AN CÁC SAO CHÍNH TINH'!$L:$N,3,0),IFERROR(VLOOKUP(M22,'AN CÁC SAO CHÍNH TINH'!$M:$N,2,0),"")) -> CUNG QUAN LỘC | O22: =CONCATENATE(N22,"-",M22) -> CUNG QUAN LỘC-THIÊN CƠ | R22: SỬU | S22: Đ.V.CUNG TẬT | T22: THÂN | AB22: =IF(LEFT(RIGHT(AE22,2))="-",LEFT(AE22,LEN(AE22)-LEN(RIGHT(AE22,2))),AE22) -> 0 | AF22: =IF(IFERROR(VLOOKUP(AD22,'AN CÁC SAO CHÍNH TINH'!$M:$N,2,0),"")="",VLOOKUP(AD22,'AN CÁC SAO CHÍNH TINH'!$L$16:$N$1048575,3,0),IFERROR(VLOOKUP(AD22,'AN CÁC SAO CHÍNH TINH'!$M:$N,2,0),"")) -> #N/A | AJ22: GIÁP P. HÓA KHOA | AK22: GIÁP | AL22: P. HÓA KHOA | AM22: VŨ KHÚC
A23: SỬU | B23: L.TÀI BẠCH | C23: DẬU | D23: #N/A | I23: AN DỰA VÀO CAN | J23: =IF(LEFT(RIGHT(L23,2))="-",LEFT(L23,LEN(L23)-LEN(RIGHT(L23,2))),L23) -> L.HÓA QUYỀN | K23: =MATCH($G$3,OFFSET($A$1,K22,0,100000),0)+K22 -> 178 | L23: {=INDEX($B:$B,K23)} -> L.HÓA QUYỀN | M23: {=INDEX($C:$C,K23)} -> THIÊN LƯƠNG | N23: =IF(IFERROR(VLOOKUP(M23,'AN CÁC SAO CHÍNH TINH'!$M:$N,2,0),"")="",VLOOKUP(M23,'AN CÁC SAO CHÍNH TINH'!$L:$N,3,0),IFERROR(VLOOKUP(M23,'AN CÁC SAO CHÍNH TINH'!$M:$N,2,0),"")) -> CUNG QUAN LỘC | O23: =CONCATENATE(N23,"-",M23) -> CUNG QUAN LỘC-THIÊN LƯƠNG | R23: SỬU | S23: Đ.V.CUNG.TÀI BẠCH | T23: DẬU | AB23: =IF(LEFT(RIGHT(AE23,2))="-",LEFT(AE23,LEN(AE23)-LEN(RIGHT(AE23,2))),AE23) -> 0 | AF23: =IF(IFERROR(VLOOKUP(AD23,'AN CÁC SAO CHÍNH TINH'!$M:$N,2,0),"")="",VLOOKUP(AD23,'AN CÁC SAO CHÍNH TINH'!$L$16:$N$1048575,3,0),IFERROR(VLOOKUP(AD23,'AN CÁC SAO CHÍNH TINH'!$M:$N,2,0),"")) -> #N/A | AJ23: KỶ P. HÓA QUYỀN | AK23: KỶ | AL23: P. HÓA QUYỀN | AM23: THAM LANG
A24: SỬU | B24: L.TỬ TỨC | C24: TUẤT | D24: #N/A | I24: AN DỰA VÀO CAN | J24: =IF(LEFT(RIGHT(L24,2))="-",LEFT(L24,LEN(L24)-LEN(RIGHT(L24,2))),L24) -> L.BÁC SỸ | K24: =MATCH($G$3,OFFSET($A$1,K23,0,100000),0)+K23 -> 200 | L24: {=INDEX($B:$B,K24)} -> L.BÁC SỸ | M24: {=INDEX($C:$C,K24)} -> MÃO | N24: =IF(IFERROR(VLOOKUP(M24,'AN CÁC SAO CHÍNH TINH'!$M:$N,2,0),"")="",VLOOKUP(M24,'AN CÁC SAO CHÍNH TINH'!$L:$N,3,0),IFERROR(VLOOKUP(M24,'AN CÁC SAO CHÍNH TINH'!$M:$N,2,0),"")) -> CUNG ĐIỀN TRẠCH | R24: SỬU | S24: Đ.V.CUNG.TỬ TỨC | T24: TUẤT | AA24: AN ĐẠI VẬN THEO CAN ĐẠI VẬN | AB24: =IF(LEFT(RIGHT(AE24,2))="-",LEFT(AE24,LEN(AE24)-LEN(RIGHT(AE24,2))),AE24) -> Đ.V.ĐÀ LA | AC24: =MATCH($Z$2,OFFSET($R$1,AC23,0,100000),0)+AC23 -> 159 | AD24: {=INDEX($T:$T,AC24)} -> SỬU | AE24: {=INDEX($S:$S,AC24)} -> Đ.V.ĐÀ LA-V | AF24: =IF(IFERROR(VLOOKUP(AD24,'AN CÁC SAO CHÍNH TINH'!$M:$N,2,0),"")="",VLOOKUP(AD24,'AN CÁC SAO CHÍNH TINH'!$L$16:$N$1048575,3,0),IFERROR(VLOOKUP(AD24,'AN CÁC SAO CHÍNH TINH'!$M:$N,2,0),"")) -> CUNG PHỤ MẪU | AJ24: KỶ P. HÓA LỘC | AK24: KỶ | AL24: P. HÓA LỘC | AM24: VŨ KHÚC
A25: SỬU | B25: L.CUNG PHU/THÊ | C25: HỢI | D25: #N/A | I25: AN DỰA VÀO CAN | J25: =IF(LEFT(RIGHT(L25,2))="-",LEFT(L25,LEN(L25)-LEN(RIGHT(L25,2))),L25) -> L.ĐÀ LA | K25: =MATCH($G$3,OFFSET($A$1,K24,0,100000),0)+K24 -> 273 | L25: {=INDEX($B:$B,K25)} -> L.ĐÀ LA-H | M25: {=INDEX($C:$C,K25)} -> DẦN | N25: =IF(IFERROR(VLOOKUP(M25,'AN CÁC SAO CHÍNH TINH'!$M:$N,2,0),"")="",VLOOKUP(M25,'AN CÁC SAO CHÍNH TINH'!$L:$N,3,0),IFERROR(VLOOKUP(M25,'AN CÁC SAO CHÍNH TINH'!$M:$N,2,0),"")) -> CUNG PHÚC ĐỨC | R25: SỬU | S25: Đ.V.CUNG PHU/THÊ | T25: HỢI | AA25: AN ĐẠI VẬN THEO CAN ĐẠI VẬN | AB25: =IF(LEFT(RIGHT(AE25,2))="-",LEFT(AE25,LEN(AE25)-LEN(RIGHT(AE25,2))),AE25) -> Đ.V.HÓA KHOA | AC25: =MATCH($Z$2,OFFSET($R$1,AC24,0,100000),0)+AC24 -> 169 | AD25: {=INDEX($T:$T,AC25)} -> VŨ KHÚC | AE25: {=INDEX($S:$S,AC25)} -> Đ.V.HÓA KHOA | AF25: =IF(IFERROR(VLOOKUP(AD25,'AN CÁC SAO CHÍNH TINH'!$M:$N,2,0),"")="",VLOOKUP(AD25,'AN CÁC SAO CHÍNH TINH'!$L$16:$N$1048575,3,0),IFERROR(VLOOKUP(AD25,'AN CÁC SAO CHÍNH TINH'!$M:$N,2,0),"")) -> CUNG PHỤ MẪU | AJ25: KỶ P. HÓA KỴ | AK25: KỶ | AL25: P. HÓA KỴ | AM25: VĂN KHÚC
A26: SỬU | B26: L.BÀO | C26: TÝ | D26: #N/A | I26: AN DỰA VÀO CAN | J26: =IF(LEFT(RIGHT(L26,2))="-",LEFT(L26,LEN(L26)-LEN(RIGHT(L26,2))),L26) -> L.ĐƯỜNG PHÙ | K26: =MATCH($G$3,OFFSET($A$1,K25,0,100000),0)+K25 -> 348 | L26: {=INDEX($B:$B,K26)} -> L.ĐƯỜNG PHÙ | M26: {=INDEX($C:$C,K26)} -> THÂN | N26: =IF(IFERROR(VLOOKUP(M26,'AN CÁC SAO CHÍNH TINH'!$M:$N,2,0),"")="",VLOOKUP(M26,'AN CÁC SAO CHÍNH TINH'!$L:$N,3,0),IFERROR(VLOOKUP(M26,'AN CÁC SAO CHÍNH TINH'!$M:$N,2,0),"")) -> CUNG TÀI BẠCH | R26: SỬU | S26: Đ.V.CUNG.BÀO | T26: TÝ | AA26: AN ĐẠI VẬN THEO CAN ĐẠI VẬN | AB26: =IF(LEFT(RIGHT(AE26,2))="-",LEFT(AE26,LEN(AE26)-LEN(RIGHT(AE26,2))),AE26) -> Đ.V.HÓA KỴ | AC26: =MATCH($Z$2,OFFSET($R$1,AC25,0,100000),0)+AC25 -> 179 | AD26: {=INDEX($T:$T,AC26)} -> THÁI DƯƠNG | AE26: {=INDEX($S:$S,AC26)} -> Đ.V.HÓA KỴ | AF26: =IF(IFERROR(VLOOKUP(AD26,'AN CÁC SAO CHÍNH TINH'!$M:$N,2,0),"")="",VLOOKUP(AD26,'AN CÁC SAO CHÍNH TINH'!$L$16:$N$1048575,3,0),IFERROR(VLOOKUP(AD26,'AN CÁC SAO CHÍNH TINH'!$M:$N,2,0),"")) -> CUNG PHÚC ĐỨC | AJ26: KỶ P. HÓA KHOA | AK26: KỶ | AL26: P. HÓA KHOA | AM26: THIÊN LƯƠNG
A27: DẦN | B27: L.MỆNH | C27: DẦN | D27: #N/A | I27: AN DỰA VÀO CAN | J27: =IF(LEFT(RIGHT(L27,2))="-",LEFT(L27,LEN(L27)-LEN(RIGHT(L27,2))),L27) -> L.KÌNH DƯƠNG | K27: =MATCH($G$3,OFFSET($A$1,K26,0,100000),0)+K26 -> 450 | L27: {=INDEX($B:$B,K27)} -> L.KÌNH DƯƠNG-V | M27: {=INDEX($C:$C,K27)} -> THÌN | N27: =IF(IFERROR(VLOOKUP(M27,'AN CÁC SAO CHÍNH TINH'!$M:$N,2,0),"")="",VLOOKUP(M27,'AN CÁC SAO CHÍNH TINH'!$L:$N,3,0),IFERROR(VLOOKUP(M27,'AN CÁC SAO CHÍNH TINH'!$M:$N,2,0),"")) -> CUNG QUAN LỘC | R27: DẦN | S27: Đ.V.CUNG.MỆNH | T27: DẦN | AA27: AN ĐẠI VẬN THEO CAN ĐẠI VẬN | AB27: =IF(LEFT(RIGHT(AE27,2))="-",LEFT(AE27,LEN(AE27)-LEN(RIGHT(AE27,2))),AE27) -> Đ.V.HÓA LỘC | AC27: =MATCH($Z$2,OFFSET($R$1,AC26,0,100000),0)+AC26 -> 189 | AD27: {=INDEX($T:$T,AC27)} -> LIÊM TRINH | AE27: {=INDEX($S:$S,AC27)} -> Đ.V.HÓA LỘC | AF27: =IF(IFERROR(VLOOKUP(AD27,'AN CÁC SAO CHÍNH TINH'!$M:$N,2,0),"")="",VLOOKUP(AD27,'AN CÁC SAO CHÍNH TINH'!$L$16:$N$1048575,3,0),IFERROR(VLOOKUP(AD27,'AN CÁC SAO CHÍNH TINH'!$M:$N,2,0),"")) -> CUNG TỬ TỨC | AJ27: MẬU P. HÓA QUYỀN | AK27: MẬU | AL27: P. HÓA QUYỀN | AM27: THÁI ÂM
A28: DẦN | B28: L.PHỤ MẪU | C28: MÃO | D28: #N/A | I28: AN DỰA VÀO CAN | J28: =IF(LEFT(RIGHT(L28,2))="-",LEFT(L28,LEN(L28)-LEN(RIGHT(L28,2))),L28) -> L.LỘC TỒN | K28: =MATCH($G$3,OFFSET($A$1,K27,0,100000),0)+K27 -> 458 | L28: {=INDEX($B:$B,K28)} -> L.LỘC TỒN-V | M28: {=INDEX($C:$C,K28)} -> MÃO | N28: =IF(IFERROR(VLOOKUP(M28,'AN CÁC SAO CHÍNH TINH'!$M:$N,2,0),"")="",VLOOKUP(M28,'AN CÁC SAO CHÍNH TINH'!$L:$N,3,0),IFERROR(VLOOKUP(M28,'AN CÁC SAO CHÍNH TINH'!$M:$N,2,0),"")) -> CUNG ĐIỀN TRẠCH | R28: DẦN | S28: Đ.V.CUNG.PHỤ MẪU | T28: MÃO | AA28: AN ĐẠI VẬN THEO CAN ĐẠI VẬN | AB28: =IF(LEFT(RIGHT(AE28,2))="-",LEFT(AE28,LEN(AE28)-LEN(RIGHT(AE28,2))),AE28) -> Đ.V.HÓA QUYỀN | AC28: =MATCH($Z$2,OFFSET($R$1,AC27,0,100000),0)+AC27 -> 199 | AD28: {=INDEX($T:$T,AC28)} -> PHÁ QUÂN | AE28: {=INDEX($S:$S,AC28)} -> Đ.V.HÓA QUYỀN | AF28: =IF(IFERROR(VLOOKUP(AD28,'AN CÁC SAO CHÍNH TINH'!$M:$N,2,0),"")="",VLOOKUP(AD28,'AN CÁC SAO CHÍNH TINH'!$L$16:$N$1048575,3,0),IFERROR(VLOOKUP(AD28,'AN CÁC SAO CHÍNH TINH'!$M:$N,2,0),"")) -> CUNG TỬ TỨC | AJ28: MẬU P. HÓA LỘC | AK28: MẬU | AL28: P. HÓA LỘC | AM28: THAM LANG
A29: DẦN | B29: L.CUNG PHÚC | C29: THÌN | D29: #N/A | I29: AN DỰA VÀO CAN | J29: =IF(LEFT(RIGHT(L29,2))="-",LEFT(L29,LEN(L29)-LEN(RIGHT(L29,2))),L29) -> L.LƯU HÀ | K29: =MATCH($G$3,OFFSET($A$1,K28,0,100000),0)+K28 -> 530 | L29: {=INDEX($B:$B,K29)} -> L.LƯU HÀ | M29: {=INDEX($C:$C,K29)} -> TUẤT | N29: =IF(IFERROR(VLOOKUP(M29,'AN CÁC SAO CHÍNH TINH'!$M:$N,2,0),"")="",VLOOKUP(M29,'AN CÁC SAO CHÍNH TINH'!$L:$N,3,0),IFERROR(VLOOKUP(M29,'AN CÁC SAO CHÍNH TINH'!$M:$N,2,0),"")) -> CUNG PHU/THÊ | R29: DẦN | S29: Đ.V.CUNG PHÚC | T29: THÌN | AA29: AN ĐẠI VẬN THEO CAN ĐẠI VẬN | AB29: =IF(LEFT(RIGHT(AE29,2))="-",LEFT(AE29,LEN(AE29)-LEN(RIGHT(AE29,2))),AE29) -> Đ.V.KÌNH DƯƠNG | AC29: =MATCH($Z$2,OFFSET($R$1,AC28,0,100000),0)+AC28 -> 209 | AD29: {=INDEX($T:$T,AC29)} -> MÃO | AE29: {=INDEX($S:$S,AC29)} -> Đ.V.KÌNH DƯƠNG | AF29: =IF(IFERROR(VLOOKUP(AD29,'AN CÁC SAO CHÍNH TINH'!$M:$N,2,0),"")="",VLOOKUP(AD29,'AN CÁC SAO CHÍNH TINH'!$L$16:$N$1048575,3,0),IFERROR(VLOOKUP(AD29,'AN CÁC SAO CHÍNH TINH'!$M:$N,2,0),"")) -> CUNG ĐIỀN TRẠCH | AJ29: MẬU P. HÓA KỴ | AK29: MẬU | AL29: P. HÓA KỴ | AM29: THIÊN CƠ
A30: DẦN | B30: L.ĐIỀN TRẠCH | C30: TỴ | D30: #N/A | I30: AN DỰA VÀO CAN | J30: =IF(LEFT(RIGHT(L30,2))="-",LEFT(L30,LEN(L30)-LEN(RIGHT(L30,2))),L30) -> L.QUỐC ẤN | K30: =MATCH($G$3,OFFSET($A$1,K29,0,100000),0)+K29 -> 732 | L30: {=INDEX($B:$B,K30)} -> L.QUỐC ẤN | M30: {=INDEX($C:$C,K30)} -> HỢI | N30: =IF(IFERROR(VLOOKUP(M30,'AN CÁC SAO CHÍNH TINH'!$M:$N,2,0),"")="",VLOOKUP(M30,'AN CÁC SAO CHÍNH TINH'!$L:$N,3,0),IFERROR(VLOOKUP(M30,'AN CÁC SAO CHÍNH TINH'!$M:$N,2,0),"")) -> CUNG HUYNH ĐỆ | R30: DẦN | S30: Đ.V.CUNG.ĐIỀN TRẠCH | T30: TỴ | AA30: AN ĐẠI VẬN THEO CAN ĐẠI VẬN | AB30: =IF(LEFT(RIGHT(AE30,2))="-",LEFT(AE30,LEN(AE30)-LEN(RIGHT(AE30,2))),AE30) -> Đ.V.LỘC TỒN | AC30: =MATCH($Z$2,OFFSET($R$1,AC29,0,100000),0)+AC29 -> 219 | AD30: {=INDEX($T:$T,AC30)} -> DẦN | AE30: {=INDEX($S:$S,AC30)} -> Đ.V.LỘC TỒN-V | AF30: =IF(IFERROR(VLOOKUP(AD30,'AN CÁC SAO CHÍNH TINH'!$M:$N,2,0),"")="",VLOOKUP(AD30,'AN CÁC SAO CHÍNH TINH'!$L$16:$N$1048575,3,0),IFERROR(VLOOKUP(AD30,'AN CÁC SAO CHÍNH TINH'!$M:$N,2,0),"")) -> CUNG PHÚC ĐỨC | AJ30: MẬU P. HÓA KHOA | AK30: MẬU | AL30: P. HÓA KHOA | AM30: HỮU BẬT
A31: DẦN | B31: L.QUAN LỘC | C31: NGỌ | D31: #N/A | I31: AN DỰA VÀO CAN | J31: =IF(LEFT(RIGHT(L31,2))="-",LEFT(L31,LEN(L31)-LEN(RIGHT(L31,2))),L31) -> L.THIÊN KHÔI | K31: =MATCH($G$3,OFFSET($A$1,K30,0,100000),0)+K30 -> 881 | L31: {=INDEX($B:$B,K31)} -> L.THIÊN KHÔI | M31: {=INDEX($C:$C,K31)} -> TÝ | N31: =IF(IFERROR(VLOOKUP(M31,'AN CÁC SAO CHÍNH TINH'!$M:$N,2,0),"")="",VLOOKUP(M31,'AN CÁC SAO CHÍNH TINH'!$L:$N,3,0),IFERROR(VLOOKUP(M31,'AN CÁC SAO CHÍNH TINH'!$M:$N,2,0),"")) -> CUNG MỆNH | R31: DẦN | S31: Đ.V.CUNG.QUAN LỘC | T31: NGỌ | AA31: AN ĐẠI VẬN THEO CAN ĐẠI VẬN | AB31: =IF(LEFT(RIGHT(AE31,2))="-",LEFT(AE31,LEN(AE31)-LEN(RIGHT(AE31,2))),AE31) -> Đ.V.THIÊN KHÔI | AC31: =MATCH($Z$2,OFFSET($R$1,AC30,0,100000),0)+AC30 -> 277 | AD31: {=INDEX($T:$T,AC31)} -> SỬU | AE31: {=INDEX($S:$S,AC31)} -> Đ.V.THIÊN KHÔI-V | AF31: =IF(IFERROR(VLOOKUP(AD31,'AN CÁC SAO CHÍNH TINH'!$M:$N,2,0),"")="",VLOOKUP(AD31,'AN CÁC SAO CHÍNH TINH'!$L$16:$N$1048575,3,0),IFERROR(VLOOKUP(AD31,'AN CÁC SAO CHÍNH TINH'!$M:$N,2,0),"")) -> CUNG PHỤ MẪU | AJ31: NHÂM P. HÓA QUYỀN | AK31: NHÂM | AL31: P. HÓA QUYỀN | AM31: TỬ VI
A32: DẦN | B32: L.NÔ BỘC | C32: MÙI | D32: #N/A | I32: AN DỰA VÀO CAN | J32: =IF(LEFT(RIGHT(L32,2))="-",LEFT(L32,LEN(L32)-LEN(RIGHT(L32,2))),L32) -> L.THIÊN PHÚC | K32: =MATCH($G$3,OFFSET($A$1,K31,0,100000),0)+K31 -> 916 | L32: {=INDEX($B:$B,K32)} -> L.THIÊN PHÚC | M32: {=INDEX($C:$C,K32)} -> THÂN | N32: =IF(IFERROR(VLOOKUP(M32,'AN CÁC SAO CHÍNH TINH'!$M:$N,2,0),"")="",VLOOKUP(M32,'AN CÁC SAO CHÍNH TINH'!$L:$N,3,0),IFERROR(VLOOKUP(M32,'AN CÁC SAO CHÍNH TINH'!$M:$N,2,0),"")) -> CUNG TÀI BẠCH | R32: DẦN | S32: Đ.V.CUNG.NÔ BỘC | T32: MÙI | AA32: AN ĐẠI VẬN THEO CAN ĐẠI VẬN | AB32: =IF(LEFT(RIGHT(AE32,2))="-",LEFT(AE32,LEN(AE32)-LEN(RIGHT(AE32,2))),AE32) -> Đ.V.THIÊN VIỆT | AC32: =MATCH($Z$2,OFFSET($R$1,AC31,0,100000),0)+AC31 -> 287 | AD32: {=INDEX($T:$T,AC32)} -> MÙI | AE32: {=INDEX($S:$S,AC32)} -> Đ.V.THIÊN VIỆT-V | AF32: =IF(IFERROR(VLOOKUP(AD32,'AN CÁC SAO CHÍNH TINH'!$M:$N,2,0),"")="",VLOOKUP(AD32,'AN CÁC SAO CHÍNH TINH'!$L$16:$N$1048575,3,0),IFERROR(VLOOKUP(AD32,'AN CÁC SAO CHÍNH TINH'!$M:$N,2,0),"")) -> CUNG TẬT ÁCH | AJ32: NHÂM P. HÓA LỘC | AK32: NHÂM | AL32: P. HÓA LỘC | AM32: THIÊN LƯƠNG
A33: DẦN | B33: L.THIÊN DI | C33: THÂN | D33: #N/A | I33: AN DỰA VÀO CAN | J33: =IF(LEFT(RIGHT(L33,2))="-",LEFT(L33,LEN(L33)-LEN(RIGHT(L33,2))),L33) -> L.THIÊN QUAN | K33: =MATCH($G$3,OFFSET($A$1,K32,0,100000),0)+K32 -> 926 | L33: {=INDEX($B:$B,K33)} -> L.THIÊN QUAN | M33: {=INDEX($C:$C,K33)} -> THÌN | N33: =IF(IFERROR(VLOOKUP(M33,'AN CÁC SAO CHÍNH TINH'!$M:$N,2,0),"")="",VLOOKUP(M33,'AN CÁC SAO CHÍNH TINH'!$L:$N,3,0),IFERROR(VLOOKUP(M33,'AN CÁC SAO CHÍNH TINH'!$M:$N,2,0),"")) -> CUNG QUAN LỘC | R33: DẦN | S33: Đ.V.CUNG.THIÊN DI | T33: THÂN | AA33: AN ĐẠI VẬN THEO CAN ĐẠI VẬN | AB33: =IF(LEFT(RIGHT(AE33,2))="-",LEFT(AE33,LEN(AE33)-LEN(RIGHT(AE33,2))),AE33) -> #N/A | AC33: =MATCH($Z$2,OFFSET($R$1,AC32,0,100000),0)+AC32 -> #N/A | AD33: {=INDEX($T:$T,AC33)} -> #N/A | AE33: {=INDEX($S:$S,AC33)} -> #N/A | AF33: =IF(IFERROR(VLOOKUP(AD33,'AN CÁC SAO CHÍNH TINH'!$M:$N,2,0),"")="",VLOOKUP(AD33,'AN CÁC SAO CHÍNH TINH'!$L$16:$N$1048575,3,0),IFERROR(VLOOKUP(AD33,'AN CÁC SAO CHÍNH TINH'!$M:$N,2,0),"")) -> #N/A | AJ33: NHÂM P. HÓA KỴ | AK33: NHÂM | AL33: P. HÓA KỴ | AM33: VŨ KHÚC
A34: DẦN | B34: L.CUNG TẬT | C34: DẬU | D34: #N/A | I34: AN DỰA VÀO CAN | J34: =IF(LEFT(RIGHT(L34,2))="-",LEFT(L34,LEN(L34)-LEN(RIGHT(L34,2))),L34) -> L.THIÊN TRÙ | K34: =MATCH($G$3,OFFSET($A$1,K33,0,100000),0)+K33 -> 936 | L34: {=INDEX($B:$B,K34)} -> L.THIÊN TRÙ | M34: {=INDEX($C:$C,K34)} -> NGỌ | N34: =IF(IFERROR(VLOOKUP(M34,'AN CÁC SAO CHÍNH TINH'!$M:$N,2,0),"")="",VLOOKUP(M34,'AN CÁC SAO CHÍNH TINH'!$L:$N,3,0),IFERROR(VLOOKUP(M34,'AN CÁC SAO CHÍNH TINH'!$M:$N,2,0),"")) -> CUNG THIÊN DI | R34: DẦN | S34: Đ.V.CUNG TẬT | T34: DẬU | AA34: AN ĐẠI VẬN THEO CAN ĐẠI VẬN | AB34: =IF(LEFT(RIGHT(AE34,2))="-",LEFT(AE34,LEN(AE34)-LEN(RIGHT(AE34,2))),AE34) -> #N/A | AC34: =MATCH($Z$2,OFFSET($R$1,AC33,0,100000),0)+AC33 -> #N/A | AD34: {=INDEX($T:$T,AC34)} -> #N/A | AE34: {=INDEX($S:$S,AC34)} -> #N/A | AF34: =IF(IFERROR(VLOOKUP(AD34,'AN CÁC SAO CHÍNH TINH'!$M:$N,2,0),"")="",VLOOKUP(AD34,'AN CÁC SAO CHÍNH TINH'!$L$16:$N$1048575,3,0),IFERROR(VLOOKUP(AD34,'AN CÁC SAO CHÍNH TINH'!$M:$N,2,0),"")) -> #N/A | AJ34: NHÂM P. HÓA KHOA | AK34: NHÂM | AL34: P. HÓA KHOA | AM34: THIÊN PHỦ
A35: DẦN | B35: L.TÀI BẠCH | C35: TUẤT | D35: #N/A | I35: AN DỰA VÀO CAN | J35: =IF(LEFT(RIGHT(L35,2))="-",LEFT(L35,LEN(L35)-LEN(RIGHT(L35,2))),L35) -> L.THIÊN VIỆT | K35: =MATCH($G$3,OFFSET($A$1,K34,0,100000),0)+K34 -> 945 | L35: {=INDEX($B:$B,K35)} -> L.THIÊN VIỆT | M35: {=INDEX($C:$C,K35)} -> THÂN | N35: =IF(IFERROR(VLOOKUP(M35,'AN CÁC SAO CHÍNH TINH'!$M:$N,2,0),"")="",VLOOKUP(M35,'AN CÁC SAO CHÍNH TINH'!$L:$N,3,0),IFERROR(VLOOKUP(M35,'AN CÁC SAO CHÍNH TINH'!$M:$N,2,0),"")) -> CUNG TÀI BẠCH | R35: DẦN | S35: Đ.V.CUNG.TÀI BẠCH | T35: TUẤT | AA35: AN ĐẠI VẬN THEO CAN ĐẠI VẬN | AB35: =IF(LEFT(RIGHT(AE35,2))="-",LEFT(AE35,LEN(AE35)-LEN(RIGHT(AE35,2))),AE35) -> #N/A | AC35: =MATCH($Z$2,OFFSET($R$1,AC34,0,100000),0)+AC34 -> #N/A | AD35: {=INDEX($T:$T,AC35)} -> #N/A | AE35: {=INDEX($S:$S,AC35)} -> #N/A | AF35: =IF(IFERROR(VLOOKUP(AD35,'AN CÁC SAO CHÍNH TINH'!$M:$N,2,0),"")="",VLOOKUP(AD35,'AN CÁC SAO CHÍNH TINH'!$L$16:$N$1048575,3,0),IFERROR(VLOOKUP(AD35,'AN CÁC SAO CHÍNH TINH'!$M:$N,2,0),"")) -> #N/A | AJ35: QUÝ P. HÓA QUYỀN | AK35: QUÝ | AL35: P. HÓA QUYỀN | AM35: CỰ MÔN
... A39: MÃO | B39: L.MỆNH | C39: MÃO | D39: #N/A | I39: AN DỰA VÀO CAN | J39: =IF(LEFT(RIGHT(L39,2))="-",LEFT(L39,LEN(L39)-LEN(RIGHT(L39,2))),L39) -> #N/A | K39: =MATCH($G$3,OFFSET($A$1,K38,0,100000),0)+K38 -> #N/A | L39: {=INDEX($B:$B,K39)} -> #N/A | M39: {=INDEX($C:$C,K39)} -> #N/A | N39: =IF(IFERROR(VLOOKUP(M39,'AN CÁC SAO CHÍNH TINH'!$M:$N,2,0),"")="",VLOOKUP(M39,'AN CÁC SAO CHÍNH TINH'!$L:$N,3,0),IFERROR(VLOOKUP(M39,'AN CÁC SAO CHÍNH TINH'!$M:$N,2,0),"")) -> #N/A | R39: MÃO | S39: Đ.V.CUNG.MỆNH | T39: MÃO | AA39: AN ĐẠI VẬN THEO CAN ĐẠI VẬN | AB39: =IF(LEFT(RIGHT(AE39,2))="-",LEFT(AE39,LEN(AE39)-LEN(RIGHT(AE39,2))),AE39) -> #N/A | AC39: =MATCH($Z$2,OFFSET($R$1,AC38,0,100000),0)+AC38 -> #N/A | AD39: {=INDEX($T:$T,AC39)} -> #N/A | AE39: {=INDEX($S:$S,AC39)} -> #N/A | AF39: =IF(IFERROR(VLOOKUP(AD39,'AN CÁC SAO CHÍNH TINH'!$M:$N,2,0),"")="",VLOOKUP(AD39,'AN CÁC SAO CHÍNH TINH'!$L$16:$N$1048575,3,0),IFERROR(VLOOKUP(AD39,'AN CÁC SAO CHÍNH TINH'!$M:$N,2,0),"")) -> #N/A | AJ39: TÂN P. HÓA QUYỀN | AK39: TÂN | AL39: P. HÓA QUYỀN | AM39: THÁI DƯƠNG
A40: MÃO | B40: L.PHỤ MẪU | C40: THÌN | D40: #N/A | R40: MÃO | S40: Đ.V.CUNG.PHỤ MẪU | T40: THÌN | AJ40: TÂN P. HÓA LỘC | AK40: TÂN | AL40: P. HÓA LỘC | AM40: CỰ MÔN
A41: MÃO | B41: L.CUNG PHÚC | C41: TỴ | D41: #N/A | R41: MÃO | S41: Đ.V.CUNG PHÚC | T41: TỴ | AJ41: TÂN P. HÓA KỴ | AK41: TÂN | AL41: P. HÓA KỴ | AM41: VĂN XƯƠNG
A42: MÃO | B42: L.ĐIỀN TRẠCH | C42: NGỌ | D42: #N/A | I42: kết hợp mạng và nam nữ | J42: =IF(LEFT(RIGHT(L42,2))="-",LEFT(L42,LEN(L42)-LEN(RIGHT(L42,2))),L42) -> L.BỆNH PHÙ | K42: =MATCH($G$5,OFFSET($A$1,K41,0,100000),0)+K41 -> 224 | L42: {=INDEX($B:$B,K42)} -> L.BỆNH PHÙ | M42: {=INDEX($C:$C,K42)} -> HỢI | N42: =IF(IFERROR(VLOOKUP(M42,'AN CÁC SAO CHÍNH TINH'!$M:$N,2,0),"")="",VLOOKUP(M42,'AN CÁC SAO CHÍNH TINH'!$L:$N,3,0),IFERROR(VLOOKUP(M42,'AN CÁC SAO CHÍNH TINH'!$M:$N,2,0),"")) -> CUNG HUYNH ĐỆ | R42: MÃO | S42: Đ.V.CUNG.ĐIỀN TRẠCH | T42: NGỌ | AJ42: TÂN P. HÓA KHOA | AK42: TÂN | AL42: P. HÓA KHOA | AM42: VĂN KHÚC
A43: MÃO | B43: L.QUAN LỘC | C43: MÙI | D43: #N/A | I43: kết hợp mạng và nam nữ | J43: =IF(LEFT(RIGHT(L43,2))="-",LEFT(L43,LEN(L43)-LEN(RIGHT(L43,2))),L43) -> L.ĐẠI HAO | K43: =MATCH($G$5,OFFSET($A$1,K42,0,100000),0)+K42 -> 310 | L43: {=INDEX($B:$B,K43)} -> L.ĐẠI HAO-H | M43: {=INDEX($C:$C,K43)} -> TÝ | N43: =IF(IFERROR(VLOOKUP(M43,'AN CÁC SAO CHÍNH TINH'!$M:$N,2,0),"")="",VLOOKUP(M43,'AN CÁC SAO CHÍNH TINH'!$L:$N,3,0),IFERROR(VLOOKUP(M43,'AN CÁC SAO CHÍNH TINH'!$M:$N,2,0),"")) -> CUNG MỆNH | R43: MÃO | S43: Đ.V.CUNG.QUAN LỘC | T43: MÙI
A44: MÃO | B44: L.NÔ BỘC | C44: THÂN | D44: #N/A | I44: kết hợp mạng và nam nữ | J44: =IF(LEFT(RIGHT(L44,2))="-",LEFT(L44,LEN(L44)-LEN(RIGHT(L44,2))),L44) -> L.HỶ THẦN | K44: =MATCH($G$5,OFFSET($A$1,K43,0,100000),0)+K43 -> 396 | L44: {=INDEX($B:$B,K44)} -> L.HỶ THẦN | M44: {=INDEX($C:$C,K44)} -> TUẤT | N44: =IF(IFERROR(VLOOKUP(M44,'AN CÁC SAO CHÍNH TINH'!$M:$N,2,0),"")="",VLOOKUP(M44,'AN CÁC SAO CHÍNH TINH'!$L:$N,3,0),IFERROR(VLOOKUP(M44,'AN CÁC SAO CHÍNH TINH'!$M:$N,2,0),"")) -> CUNG PHU/THÊ | R44: MÃO | S44: Đ.V.CUNG.NÔ BỘC | T44: THÂN
A45: MÃO | B45: L.THIÊN DI | C45: DẬU | D45: #N/A | I45: kết hợp mạng và nam nữ | J45: =IF(LEFT(RIGHT(L45,2))="-",LEFT(L45,LEN(L45)-LEN(RIGHT(L45,2))),L45) -> L.LỰC SỸ | K45: =MATCH($G$5,OFFSET($A$1,K44,0,100000),0)+K44 -> 492 | L45: {=INDEX($B:$B,K45)} -> L.LỰC SỸ | M45: {=INDEX($C:$C,K45)} -> THÌN | N45: =IF(IFERROR(VLOOKUP(M45,'AN CÁC SAO CHÍNH TINH'!$M:$N,2,0),"")="",VLOOKUP(M45,'AN CÁC SAO CHÍNH TINH'!$L:$N,3,0),IFERROR(VLOOKUP(M45,'AN CÁC SAO CHÍNH TINH'!$M:$N,2,0),"")) -> CUNG QUAN LỘC | R45: MÃO | S45: Đ.V.CUNG.THIÊN DI | T45: DẬU
A46: MÃO | B46: L.CUNG TẬT | C46: TUẤT | D46: #N/A | I46: kết hợp mạng và nam nữ | J46: =IF(LEFT(RIGHT(L46,2))="-",LEFT(L46,LEN(L46)-LEN(RIGHT(L46,2))),L46) -> L.PHI LIÊM | K46: =MATCH($G$5,OFFSET($A$1,K45,0,100000),0)+K45 -> 566 | L46: {=INDEX($B:$B,K46)} -> L.PHI LIÊM | M46: {=INDEX($C:$C,K46)} -> DẬU | N46: =IF(IFERROR(VLOOKUP(M46,'AN CÁC SAO CHÍNH TINH'!$M:$N,2,0),"")="",VLOOKUP(M46,'AN CÁC SAO CHÍNH TINH'!$L:$N,3,0),IFERROR(VLOOKUP(M46,'AN CÁC SAO CHÍNH TINH'!$M:$N,2,0),"")) -> CUNG TỬ TỨC | R46: MÃO | S46: Đ.V.CUNG TẬT | T46: TUẤT
A47: MÃO | B47: L.TÀI BẠCH | C47: HỢI | D47: #N/A | I47: kết hợp mạng và nam nữ | J47: =IF(LEFT(RIGHT(L47,2))="-",LEFT(L47,LEN(L47)-LEN(RIGHT(L47,2))),L47) -> L.PHỤC BINH | K47: =MATCH($G$5,OFFSET($A$1,K46,0,100000),0)+K46 -> 606 | L47: {=INDEX($B:$B,K47)} -> L.PHỤC BINH | M47: {=INDEX($C:$C,K47)} -> SỬU | N47: =IF(IFERROR(VLOOKUP(M47,'AN CÁC SAO CHÍNH TINH'!$M:$N,2,0),"")="",VLOOKUP(M47,'AN CÁC SAO CHÍNH TINH'!$L:$N,3,0),IFERROR(VLOOKUP(M47,'AN CÁC SAO CHÍNH TINH'!$M:$N,2,0),"")) -> CUNG PHỤ MẪU | R47: MÃO | S47: Đ.V.CUNG.TÀI BẠCH | T47: HỢI
A48: MÃO | B48: L.TỬ TỨC | C48: TÝ | D48: #N/A | I48: kết hợp mạng và nam nữ | J48: =IF(LEFT(RIGHT(L48,2))="-",LEFT(L48,LEN(L48)-LEN(RIGHT(L48,2))),L48) -> L.QUAN PHỦ | K48: =MATCH($G$5,OFFSET($A$1,K47,0,100000),0)+K47 -> 694 | L48: {=INDEX($B:$B,K48)} -> L.QUAN PHỦ | M48: {=INDEX($C:$C,K48)} -> DẦN | N48: =IF(IFERROR(VLOOKUP(M48,'AN CÁC SAO CHÍNH TINH'!$M:$N,2,0),"")="",VLOOKUP(M48,'AN CÁC SAO CHÍNH TINH'!$L:$N,3,0),IFERROR(VLOOKUP(M48,'AN CÁC SAO CHÍNH TINH'!$M:$N,2,0),"")) -> CUNG PHÚC ĐỨC | R48: MÃO | S48: Đ.V.CUNG.TỬ TỨC | T48: TÝ
A49: MÃO | B49: L.CUNG PHU/THÊ | C49: SỬU | D49: #N/A | I49: kết hợp mạng và nam nữ | J49: =IF(LEFT(RIGHT(L49,2))="-",LEFT(L49,LEN(L49)-LEN(RIGHT(L49,2))),L49) -> L.TẤU THƯ | K49: =MATCH($G$5,OFFSET($A$1,K48,0,100000),0)+K48 -> 756 | L49: {=INDEX($B:$B,K49)} -> L.TẤU THƯ | M49: {=INDEX($C:$C,K49)} -> THÂN | N49: =IF(IFERROR(VLOOKUP(M49,'AN CÁC SAO CHÍNH TINH'!$M:$N,2,0),"")="",VLOOKUP(M49,'AN CÁC SAO CHÍNH TINH'!$L:$N,3,0),IFERROR(VLOOKUP(M49,'AN CÁC SAO CHÍNH TINH'!$M:$N,2,0),"")) -> CUNG TÀI BẠCH | R49: MÃO | S49: Đ.V.CUNG PHU/THÊ | T49: SỬU
A50: MÃO | B50: L.BÀO | C50: DẦN | D50: #N/A | I50: kết hợp mạng và nam nữ | J50: =IF(LEFT(RIGHT(L50,2))="-",LEFT(L50,LEN(L50)-LEN(RIGHT(L50,2))),L50) -> L.THANH LONG | K50: =MATCH($G$5,OFFSET($A$1,K49,0,100000),0)+K49 -> 796 | L50: {=INDEX($B:$B,K50)} -> L.THANH LONG | M50: {=INDEX($C:$C,K50)} -> TỴ | N50: =IF(IFERROR(VLOOKUP(M50,'AN CÁC SAO CHÍNH TINH'!$M:$N,2,0),"")="",VLOOKUP(M50,'AN CÁC SAO CHÍNH TINH'!$L:$N,3,0),IFERROR(VLOOKUP(M50,'AN CÁC SAO CHÍNH TINH'!$M:$N,2,0),"")) -> CUNG NÔ BỘC | R50: MÃO | S50: Đ.V.CUNG.BÀO | T50: DẦN
A51: THÌN | B51: L.MỆNH | C51: THÌN | D51: #N/A | I51: kết hợp mạng và nam nữ | J51: =IF(LEFT(RIGHT(L51,2))="-",LEFT(L51,LEN(L51)-LEN(RIGHT(L51,2))),L51) -> L.TIỂU HAO | K51: =MATCH($G$5,OFFSET($A$1,K50,0,100000),0)+K50 -> 1006 | L51: {=INDEX($B:$B,K51)} -> L.TIỂU HAO-H | M51: {=INDEX($C:$C,K51)} -> NGỌ | N51: =IF(IFERROR(VLOOKUP(M51,'AN CÁC SAO CHÍNH TINH'!$M:$N,2,0),"")="",VLOOKUP(M51,'AN CÁC SAO CHÍNH TINH'!$L:$N,3,0),IFERROR(VLOOKUP(M51,'AN CÁC SAO CHÍNH TINH'!$M:$N,2,0),"")) -> CUNG THIÊN DI | R51: THÌN | S51: Đ.V.CUNG.MỆNH | T51: THÌN
A52: THÌN | B52: L.PHỤ MẪU | C52: TỴ | D52: #N/A | I52: kết hợp mạng và nam nữ | J52: =IF(LEFT(RIGHT(L52,2))="-",LEFT(L52,LEN(L52)-LEN(RIGHT(L52,2))),L52) -> L.TƯỚNG QUÂN | K52: =MATCH($G$5,OFFSET($A$1,K51,0,100000),0)+K51 -> 1198 | L52: {=INDEX($B:$B,K52)} -> L.TƯỚNG QUÂN | M52: {=INDEX($C:$C,K52)} -> MÙI | N52: =IF(IFERROR(VLOOKUP(M52,'AN CÁC SAO CHÍNH TINH'!$M:$N,2,0),"")="",VLOOKUP(M52,'AN CÁC SAO CHÍNH TINH'!$L:$N,3,0),IFERROR(VLOOKUP(M52,'AN CÁC SAO CHÍNH TINH'!$M:$N,2,0),"")) -> CUNG TẬT ÁCH | R52: THÌN | S52: Đ.V.CUNG.PHỤ MẪU | T52: TỴ
A53: THÌN | B53: L.CUNG PHÚC | C53: NGỌ | D53: #N/A | I53: kết hợp mạng và nam nữ | J53: =IF(LEFT(RIGHT(L53,2))="-",LEFT(L53,LEN(L53)-LEN(RIGHT(L53,2))),L53) -> #N/A | K53: =MATCH($G$5,OFFSET($A$1,K52,0,100000),0)+K52 -> #N/A | L53: {=INDEX($B:$B,K53)} -> #N/A | M53: {=INDEX($C:$C,K53)} -> #N/A | N53: =IF(IFERROR(VLOOKUP(M53,'AN CÁC SAO CHÍNH TINH'!$M:$N,2,0),"")="",VLOOKUP(M53,'AN CÁC SAO CHÍNH TINH'!$L:$N,3,0),IFERROR(VLOOKUP(M53,'AN CÁC SAO CHÍNH TINH'!$M:$N,2,0),"")) -> #N/A | R53: THÌN | S53: Đ.V.CUNG PHÚC | T53: NGỌ
A54: THÌN | B54: L.ĐIỀN TRẠCH | C54: MÙI | D54: #N/A | I54: kết hợp mạng và nam nữ | J54: =IF(LEFT(RIGHT(L54,2))="-",LEFT(L54,LEN(L54)-LEN(RIGHT(L54,2))),L54) -> #N/A | K54: =MATCH($G$5,OFFSET($A$1,K53,0,100000),0)+K53 -> #N/A | L54: {=INDEX($B:$B,K54)} -> #N/A | M54: {=INDEX($C:$C,K54)} -> #N/A | N54: =IF(IFERROR(VLOOKUP(M54,'AN CÁC SAO CHÍNH TINH'!$M:$N,2,0),"")="",VLOOKUP(M54,'AN CÁC SAO CHÍNH TINH'!$L:$N,3,0),IFERROR(VLOOKUP(M54,'AN CÁC SAO CHÍNH TINH'!$M:$N,2,0),"")) -> #N/A | R54: THÌN | S54: Đ.V.CUNG.ĐIỀN TRẠCH | T54: MÙI
... A63: TỴ | B63: L.MỆNH | C63: TỴ | D63: #N/A | I63: kết hợp mạng và nam nữ | J63: =IF(LEFT(RIGHT(L63,2))="-",LEFT(L63,LEN(L63)-LEN(RIGHT(L63,2))),L63) -> #N/A | K63: =MATCH($G$5,OFFSET($A$1,K62,0,100000),0)+K62 -> #N/A | L63: {=INDEX($B:$B,K63)} -> #N/A | M63: {=INDEX($C:$C,K63)} -> #N/A | N63: =IF(IFERROR(VLOOKUP(M63,'AN CÁC SAO CHÍNH TINH'!$M:$N,2,0),"")="",VLOOKUP(M63,'AN CÁC SAO CHÍNH TINH'!$L:$N,3,0),IFERROR(VLOOKUP(M63,'AN CÁC SAO CHÍNH TINH'!$M:$N,2,0),"")) -> #N/A | R63: TỴ | S63: Đ.V.CUNG.MỆNH | T63: TỴ
A64: TỴ | B64: L.PHỤ MẪU | C64: NGỌ | D64: #N/A | R64: TỴ | S64: Đ.V.CUNG.PHỤ MẪU | T64: NGỌ
A65: TỴ | B65: L.CUNG PHÚC | C65: MÙI | D65: #N/A | R65: TỴ | S65: Đ.V.CUNG PHÚC | T65: MÙI
A66: TỴ | B66: L.ĐIỀN TRẠCH | C66: THÂN | D66: #N/A | I66: AN DỰA VÀO CHI | J66: =IF(LEFT(RIGHT(L66,2))="-",LEFT(L66,LEN(L66)-LEN(RIGHT(L66,2))),L66) -> L.THÁI TUẾ | K66: =MATCH($G$2,OFFSET($A$1,K14,0,100000),0)+K14 -> 192 | L66: {=INDEX($B:$B,K66)} -> L.THÁI TUẾ | M66: {=INDEX($C:$C,K66)} -> TỴ | N66: =IF(IFERROR(VLOOKUP(M66,'AN CÁC SAO CHÍNH TINH'!$M:$N,2,0),"")="",VLOOKUP(M66,'AN CÁC SAO CHÍNH TINH'!$L:$N,3,0),IFERROR(VLOOKUP(M66,'AN CÁC SAO CHÍNH TINH'!$M:$N,2,0),"")) -> CUNG NÔ BỘC | R66: TỴ | S66: Đ.V.CUNG.ĐIỀN TRẠCH | T66: THÂN
A67: TỴ | B67: L.QUAN LỘC | C67: DẬU | D67: #N/A | I67: AN DỰA VÀO CHI | J67: =IF(LEFT(RIGHT(L67,2))="-",LEFT(L67,LEN(L67)-LEN(RIGHT(L67,2))),L67) -> L.BẠCH HỔ | K67: =MATCH($G$2,OFFSET($A$1,K66,0,100000),0)+K66 -> 216 | L67: {=INDEX($B:$B,K67)} -> L.BẠCH HỔ-H | M67: {=INDEX($C:$C,K67)} -> SỬU | N67: =IF(IFERROR(VLOOKUP(M67,'AN CÁC SAO CHÍNH TINH'!$M:$N,2,0),"")="",VLOOKUP(M67,'AN CÁC SAO CHÍNH TINH'!$L:$N,3,0),IFERROR(VLOOKUP(M67,'AN CÁC SAO CHÍNH TINH'!$M:$N,2,0),"")) -> CUNG PHỤ MẪU | R67: TỴ | S67: Đ.V.CUNG.QUAN LỘC | T67: DẬU
A68: TỴ | B68: L.NÔ BỘC | C68: TUẤT | D68: #N/A | I68: AN DỰA VÀO CHI | J68: =IF(LEFT(RIGHT(L68,2))="-",LEFT(L68,LEN(L68)-LEN(RIGHT(L68,2))),L68) -> L.CÔ THẦN | K68: =MATCH($G$2,OFFSET($A$1,K67,0,100000),0)+K67 -> 267 | L68: {=INDEX($B:$B,K68)} -> L.CÔ THẦN | M68: {=INDEX($C:$C,K68)} -> THÂN | N68: =IF(IFERROR(VLOOKUP(M68,'AN CÁC SAO CHÍNH TINH'!$M:$N,2,0),"")="",VLOOKUP(M68,'AN CÁC SAO CHÍNH TINH'!$L:$N,3,0),IFERROR(VLOOKUP(M68,'AN CÁC SAO CHÍNH TINH'!$M:$N,2,0),"")) -> CUNG TÀI BẠCH | R68: TỴ | S68: Đ.V.CUNG.NÔ BỘC | T68: TUẤT
A69: TỴ | B69: L.THIÊN DI | C69: HỢI | D69: #N/A | I69: AN DỰA VÀO CHI | J69: =IF(LEFT(RIGHT(L69,2))="-",LEFT(L69,LEN(L69)-LEN(RIGHT(L69,2))),L69) -> L.ĐÀO HOA | K69: =MATCH($G$2,OFFSET($A$1,K68,0,100000),0)+K68 -> 330 | L69: {=INDEX($B:$B,K69)} -> L.ĐÀO HOA | M69: {=INDEX($C:$C,K69)} -> NGỌ | N69: =IF(IFERROR(VLOOKUP(M69,'AN CÁC SAO CHÍNH TINH'!$M:$N,2,0),"")="",VLOOKUP(M69,'AN CÁC SAO CHÍNH TINH'!$L:$N,3,0),IFERROR(VLOOKUP(M69,'AN CÁC SAO CHÍNH TINH'!$M:$N,2,0),"")) -> CUNG THIÊN DI | R69: TỴ | S69: Đ.V.CUNG.THIÊN DI | T69: HỢI
A70: TỴ | B70: L.CUNG TẬT | C70: TÝ | D70: #N/A | I70: AN DỰA VÀO CHI | J70: =IF(LEFT(RIGHT(L70,2))="-",LEFT(L70,LEN(L70)-LEN(RIGHT(L70,2))),L70) -> L.ĐIẾU KHÁCH | K70: =MATCH($G$2,OFFSET($A$1,K69,0,100000),0)+K69 -> 340 | L70: {=INDEX($B:$B,K70)} -> L.ĐIẾU KHÁCH | M70: {=INDEX($C:$C,K70)} -> MÃO | N70: =IF(IFERROR(VLOOKUP(M70,'AN CÁC SAO CHÍNH TINH'!$M:$N,2,0),"")="",VLOOKUP(M70,'AN CÁC SAO CHÍNH TINH'!$L:$N,3,0),IFERROR(VLOOKUP(M70,'AN CÁC SAO CHÍNH TINH'!$M:$N,2,0),"")) -> CUNG ĐIỀN TRẠCH | R70: TỴ | S70: Đ.V.CUNG TẬT | T70: TÝ
A71: TỴ | B71: L.TÀI BẠCH | C71: SỬU | D71: #N/A | I71: AN DỰA VÀO CHI | J71: =IF(LEFT(RIGHT(L71,2))="-",LEFT(L71,LEN(L71)-LEN(RIGHT(L71,2))),L71) -> L.GIẢI THẦN | K71: =MATCH($G$2,OFFSET($A$1,K70,0,100000),0)+K70 -> 367 | L71: {=INDEX($B:$B,K71)} -> L.GIẢI THẦN | M71: {=INDEX($C:$C,K71)} -> TÝ | N71: =IF(IFERROR(VLOOKUP(M71,'AN CÁC SAO CHÍNH TINH'!$M:$N,2,0),"")="",VLOOKUP(M71,'AN CÁC SAO CHÍNH TINH'!$L:$N,3,0),IFERROR(VLOOKUP(M71,'AN CÁC SAO CHÍNH TINH'!$M:$N,2,0),"")) -> CUNG MỆNH | R71: TỴ | S71: Đ.V.CUNG.TÀI BẠCH | T71: SỬU
A72: TỴ | B72: L.TỬ TỨC | C72: DẦN | D72: #N/A | I72: AN DỰA VÀO CHI | J72: =IF(LEFT(RIGHT(L72,2))="-",LEFT(L72,LEN(L72)-LEN(RIGHT(L72,2))),L72) -> L.HOA CÁI | K72: =MATCH($G$2,OFFSET($A$1,K71,0,100000),0)+K71 -> 373 | L72: {=INDEX($B:$B,K72)} -> L.HOA CÁI | M72: {=INDEX($C:$C,K72)} -> SỬU | N72: =IF(IFERROR(VLOOKUP(M72,'AN CÁC SAO CHÍNH TINH'!$M:$N,2,0),"")="",VLOOKUP(M72,'AN CÁC SAO CHÍNH TINH'!$L:$N,3,0),IFERROR(VLOOKUP(M72,'AN CÁC SAO CHÍNH TINH'!$M:$N,2,0),"")) -> CUNG PHỤ MẪU | R72: TỴ | S72: Đ.V.CUNG.TỬ TỨC | T72: DẦN
A73: TỴ | B73: L.CUNG PHU/THÊ | C73: MÃO | D73: #N/A | I73: AN DỰA VÀO CHI | J73: =IF(LEFT(RIGHT(L73,2))="-",LEFT(L73,LEN(L73)-LEN(RIGHT(L73,2))),L73) -> L.HỒNG LOAN | K73: =MATCH($G$2,OFFSET($A$1,K72,0,100000),0)+K72 -> 390 | L73: {=INDEX($B:$B,K73)} -> L.HỒNG LOAN | M73: {=INDEX($C:$C,K73)} -> TUẤT | N73: =IF(IFERROR(VLOOKUP(M73,'AN CÁC SAO CHÍNH TINH'!$M:$N,2,0),"")="",VLOOKUP(M73,'AN CÁC SAO CHÍNH TINH'!$L:$N,3,0),IFERROR(VLOOKUP(M73,'AN CÁC SAO CHÍNH TINH'!$M:$N,2,0),"")) -> CUNG PHU/THÊ | R73: TỴ | S73: Đ.V.CUNG PHU/THÊ | T73: MÃO
A74: TỴ | B74: L.BÀO | C74: THÌN | D74: #N/A | I74: AN DỰA VÀO CHI | J74: =IF(LEFT(RIGHT(L74,2))="-",LEFT(L74,LEN(L74)-LEN(RIGHT(L74,2))),L74) -> L.KIẾP SÁT | K74: =MATCH($G$2,OFFSET($A$1,K73,0,100000),0)+K73 -> 434 | L74: {=INDEX($B:$B,K74)} -> L.KIẾP SÁT | M74: {=INDEX($C:$C,K74)} -> DẦN | N74: =IF(IFERROR(VLOOKUP(M74,'AN CÁC SAO CHÍNH TINH'!$M:$N,2,0),"")="",VLOOKUP(M74,'AN CÁC SAO CHÍNH TINH'!$L:$N,3,0),IFERROR(VLOOKUP(M74,'AN CÁC SAO CHÍNH TINH'!$M:$N,2,0),"")) -> CUNG PHÚC ĐỨC | R74: TỴ | S74: Đ.V.CUNG.BÀO | T74: THÌN
A75: NGỌ | B75: L.MỆNH | C75: NGỌ | D75: #N/A | I75: AN DỰA VÀO CHI | J75: =IF(LEFT(RIGHT(L75,2))="-",LEFT(L75,LEN(L75)-LEN(RIGHT(L75,2))),L75) -> L.LONG ĐỨC | K75: =MATCH($G$2,OFFSET($A$1,K74,0,100000),0)+K74 -> 470 | L75: {=INDEX($B:$B,K75)} -> L.LONG ĐỨC | M75: {=INDEX($C:$C,K75)} -> TÝ | N75: =IF(IFERROR(VLOOKUP(M75,'AN CÁC SAO CHÍNH TINH'!$M:$N,2,0),"")="",VLOOKUP(M75,'AN CÁC SAO CHÍNH TINH'!$L:$N,3,0),IFERROR(VLOOKUP(M75,'AN CÁC SAO CHÍNH TINH'!$M:$N,2,0),"")) -> CUNG MỆNH | R75: NGỌ | S75: Đ.V.CUNG.MỆNH | T75: NGỌ
A76: NGỌ | B76: L.PHỤ MẪU | C76: MÙI | D76: #N/A | I76: AN DỰA VÀO CHI | J76: =IF(LEFT(RIGHT(L76,2))="-",LEFT(L76,LEN(L76)-LEN(RIGHT(L76,2))),L76) -> L.LONG TRÌ | K76: =MATCH($G$2,OFFSET($A$1,K75,0,100000),0)+K75 -> 477 | L76: {=INDEX($B:$B,K76)} -> L.LONG TRÌ | M76: {=INDEX($C:$C,K76)} -> DẬU | N76: =IF(IFERROR(VLOOKUP(M76,'AN CÁC SAO CHÍNH TINH'!$M:$N,2,0),"")="",VLOOKUP(M76,'AN CÁC SAO CHÍNH TINH'!$L:$N,3,0),IFERROR(VLOOKUP(M76,'AN CÁC SAO CHÍNH TINH'!$M:$N,2,0),"")) -> CUNG TỬ TỨC | R76: NGỌ | S76: Đ.V.CUNG.PHỤ MẪU | T76: MÙI
A77: NGỌ | B77: L.CUNG PHÚC | C77: THÂN | D77: #N/A | I77: AN DỰA VÀO CHI | J77: =IF(LEFT(RIGHT(L77,2))="-",LEFT(L77,LEN(L77)-LEN(RIGHT(L77,2))),L77) -> L.NGUYỆT ĐỨC | K77: =MATCH($G$2,OFFSET($A$1,K76,0,100000),0)+K76 -> 548 | L77: {=INDEX($B:$B,K77)} -> L.NGUYỆT ĐỨC | M77: {=INDEX($C:$C,K77)} -> TUẤT | N77: =IF(IFERROR(VLOOKUP(M77,'AN CÁC SAO CHÍNH TINH'!$M:$N,2,0),"")="",VLOOKUP(M77,'AN CÁC SAO CHÍNH TINH'!$L:$N,3,0),IFERROR(VLOOKUP(M77,'AN CÁC SAO CHÍNH TINH'!$M:$N,2,0),"")) -> CUNG PHU/THÊ | R77: NGỌ | S77: Đ.V.CUNG PHÚC | T77: THÂN
A78: NGỌ | B78: L.ĐIỀN TRẠCH | C78: DẬU | D78: #N/A | I78: AN DỰA VÀO CHI | J78: =IF(LEFT(RIGHT(L78,2))="-",LEFT(L78,LEN(L78)-LEN(RIGHT(L78,2))),L78) -> L.PHÁ TOÁI | K78: =MATCH($G$2,OFFSET($A$1,K77,0,100000),0)+K77 -> 552 | L78: {=INDEX($B:$B,K78)} -> L.PHÁ TOÁI | M78: {=INDEX($C:$C,K78)} -> DẬU | N78: =IF(IFERROR(VLOOKUP(M78,'AN CÁC SAO CHÍNH TINH'!$M:$N,2,0),"")="",VLOOKUP(M78,'AN CÁC SAO CHÍNH TINH'!$L:$N,3,0),IFERROR(VLOOKUP(M78,'AN CÁC SAO CHÍNH TINH'!$M:$N,2,0),"")) -> CUNG TỬ TỨC | R78: NGỌ | S78: Đ.V.CUNG.ĐIỀN TRẠCH | T78: DẬU
... A100: THÂN | B100: L.PHỤ MẪU | C100: DẬU | D100: #N/A | I100: AN DỰA VÀO CHI | J100: =IF(LEFT(RIGHT(L100,2))="-",LEFT(L100,LEN(L100)-LEN(RIGHT(L100,2))),L100) -> #N/A | K100: =MATCH($G$2,OFFSET($A$1,K99,0,100000),0)+K99 -> #N/A | L100: {=INDEX($B:$B,K100)} -> #N/A | M100: {=INDEX($C:$C,K100)} -> #N/A | N100: =IF(IFERROR(VLOOKUP(M100,'AN CÁC SAO CHÍNH TINH'!$M:$N,2,0),"")="",VLOOKUP(M100,'AN CÁC SAO CHÍNH TINH'!$L:$N,3,0),IFERROR(VLOOKUP(M100,'AN CÁC SAO CHÍNH TINH'!$M:$N,2,0),"")) -> #N/A | R100: THÂN | S100: Đ.V.CUNG.PHỤ MẪU | T100: DẬU
A101: THÂN | B101: L.CUNG PHÚC | C101: TUẤT | D101: #N/A | R101: THÂN | S101: Đ.V.CUNG PHÚC | T101: TUẤT
A102: THÂN | B102: L.ĐIỀN TRẠCH | C102: HỢI | D102: #N/A | R102: THÂN | S102: Đ.V.CUNG.ĐIỀN TRẠCH | T102: HỢI
A103: THÂN | B103: L.QUAN LỘC | C103: TÝ | D103: #N/A | R103: THÂN | S103: Đ.V.CUNG.QUAN LỘC | T103: TÝ
A104: THÂN | B104: L.NÔ BỘC | C104: SỬU | D104: #N/A | R104: THÂN | S104: Đ.V.CUNG.NÔ BỘC | T104: SỬU
A105: THÂN | B105: L.THIÊN DI | C105: DẦN | D105: #N/A | R105: THÂN | S105: Đ.V.CUNG.THIÊN DI | T105: DẦN
A106: THÂN | B106: L.CUNG TẬT | C106: MÃO | D106: #N/A | R106: THÂN | S106: Đ.V.CUNG TẬT | T106: MÃO
A107: THÂN | B107: L.TÀI BẠCH | C107: THÌN | D107: #N/A | R107: THÂN | S107: Đ.V.CUNG.TÀI BẠCH | T107: THÌN
A108: THÂN | B108: L.TỬ TỨC | C108: TỴ | D108: #N/A | R108: THÂN | S108: Đ.V.CUNG.TỬ TỨC | T108: TỴ
A109: THÂN | B109: L.CUNG PHU/THÊ | C109: NGỌ | D109: #N/A | R109: THÂN | S109: Đ.V.CUNG PHU/THÊ | T109: NGỌ
A110: THÂN | B110: L.BÀO | C110: MÙI | D110: #N/A | R110: THÂN | S110: Đ.V.CUNG.BÀO | T110: MÙI
A111: DẬU | B111: L.MỆNH | C111: DẬU | D111: #N/A | R111: DẬU | S111: Đ.V.CUNG.MỆNH | T111: DẬU
A112: DẬU | B112: L.PHỤ MẪU | C112: TUẤT | D112: #N/A | R112: DẬU | S112: Đ.V.CUNG.PHỤ MẪU | T112: TUẤT
... A212: MÙI | B212: L.BẠCH HỔ-Đ | C212: MÃO | D212: #N/A | R212: ĐINH | S212: Đ.V.KÌNH DƯƠNG-V | T212: MÙI
A213: DẦN | B213: L.BẠCH HỔ-H | C213: TUẤT | D213: L.BẠCH HỔ-H | R213: MẬU | S213: Đ.V.KÌNH DƯƠNG | T213: NGỌ
A214: MÃO | B214: L.BẠCH HỔ-H | C214: HỢI | D214: L.BẠCH HỔ-H | R214: KỶ | S214: Đ.V.KÌNH DƯƠNG-V | T214: MÙI
A215: THÌN | B215: L.BẠCH HỔ-H | C215: TÝ | D215: L.BẠCH HỔ-H | R215: CANH | S215: Đ.V.KÌNH DƯƠNG | T215: DẬU
A216: TỴ | B216: L.BẠCH HỔ-H | C216: SỬU | D216: L.BẠCH HỔ-H | R216: TÂN | S216: Đ.V.KÌNH DƯƠNG-V | T216: TUẤT
A217: THÂN | B217: L.BẠCH HỔ-H | C217: THÌN | D217: L.BẠCH HỔ-H | R217: NHÂM | S217: Đ.V.KÌNH DƯƠNG | T217: TÝ
A218: DẬU | B218: L.BẠCH HỔ-H | C218: TỴ | D218: L.BẠCH HỔ-H | R218: QUÝ | S218: Đ.V.KÌNH DƯƠNG-V | T218: SỬU
A219: TUẤT | B219: L.BẠCH HỔ-H | C219: NGỌ | D219: L.BẠCH HỔ-H | R219: GIÁP | S219: Đ.V.LỘC TỒN-V | T219: DẦN
A220: HỢI | B220: L.BẠCH HỔ-H | C220: MÙI | D220: L.BẠCH HỔ-H | R220: ẤT | S220: Đ.V.LỘC TỒN-V | T220: MÃO
A221: DƯƠNG NAM-GIÁP | B221: L.BỆNH PHÙ | C221: TUẤT | D221: #N/A | R221: BÍNH | S221: Đ.V.LỘC TỒN | T221: TỴ
A222: ÂM NỮ-GIÁP | B222: L.BỆNH PHÙ | C222: TUẤT | D222: #N/A | R222: ĐINH | S222: Đ.V.LỘC TỒN-V | T222: NGỌ
A223: DƯƠNG NAM-ẤT | B223: L.BỆNH PHÙ | C223: HỢI | D223: #N/A | R223: MẬU | S223: Đ.V.LỘC TỒN-V | T223: TỴ
A224: ÂM NỮ-ẤT | B224: L.BỆNH PHÙ | C224: HỢI | D224: #N/A | R224: KỶ | S224: Đ.V.LỘC TỒN-V | T224: NGỌ
A225: DƯƠNG NAM-BÍNH | B225: L.BỆNH PHÙ | C225: SỬU | D225: #N/A | R225: CANH | S225: Đ.V.LỘC TỒN-V | T225: THÂN
A226: DƯƠNG NAM-ĐINH | B226: L.BỆNH PHÙ | C226: DẦN | D226: #N/A | R226: TÂN | S226: Đ.V.LỘC TỒN-V | T226: DẬU
A227: DƯƠNG NAM-MẬU | B227: L.BỆNH PHÙ | C227: SỬU | D227: #N/A | R227: NHÂM | S227: Đ.V.LỘC TỒN | T227: HỢI
A228: DƯƠNG NAM-KỶ | B228: L.BỆNH PHÙ | C228: DẦN | D228: #N/A | R228: QUÝ | S228: Đ.V.LỘC TỒN-V | T228: TÝ
A229: DƯƠNG NAM-CANH | B229: L.BỆNH PHÙ | C229: THÌN | D229: #N/A | R229: TÝ | S229: Đ.V.TANG MÔN-Đ | T229: DẦN
A230: DƯƠNG NAM-TÂN | B230: L.BỆNH PHÙ | C230: TỴ | D230: #N/A | R230: SỬU | S230: Đ.V.TANG MÔN-Đ | T230: MÃO
A231: DƯƠNG NAM-NHÂM | B231: L.BỆNH PHÙ | C231: MÙI | D231: #N/A | R231: DẦN | S231: Đ.V.TANG MÔN | T231: THÌN
...

Sheet Form Mẫu Lá Số Tử Vi(Admin)
B1: T. TỴ | F1: 65 | G1: T. TỴ | K1: 65 | L1: T. TỴ | P1: 65 | Q1: T. TỴ | U1: 65
B2: HỎA (-) | D2: THIÊN DI | G2: HỎA (-) | I2: THIÊN DI | L2: HỎA (-) | N2: THIÊN DI | Q2: HỎA (-) | S2: THIÊN DI
D3: THIÊN LƯƠNG | I3: THIÊN LƯƠNG | N3: THIÊN LƯƠNG | S3: THIÊN LƯƠNG
B4: Thiên Hình | E4: Đà La | G4: Thiên Hình | J4: Đà La | L4: Thiên Hình | O4: Đà La | Q4: Thiên Hình | T4: Đà La
B5: Thai Phụ | E5: Quả Tú | G5: Thai Phụ | J5: Quả Tú | L5: Thai Phụ | O5: Quả Tú | Q5: Thai Phụ | T5: Quả Tú
B6: Thiên Đức | E6: L. Đà La(H) | G6: Thiên Đức | J6: L. Đà La(H) | L6: Thiên Đức | O6: L. Đà La(H) | Q6: Thiên Đức | T6: L. Đà La(H)
B7: Phúc Đức | E7: L.Kình Dương(H) | G7: Phúc Đức | J7: L.Kình Dương(H) | L7: Phúc Đức | O7: L.Kình Dương(H) | Q7: Phúc Đức | T7: L.Kình Dương(H)
B8: L. Lộc Tồn(V) | C8: L. ĐV Hóa Khoa(M) | D8: P.Hóa Quyền: Cung Điền Trạch | F8: L. ĐVKình Dương(H) | G8: L. Lộc Tồn(V) | H8: L. ĐV Hóa Khoa(M) | I8: P.Hóa Quyền: Cung Điền Trạch | K8: L. ĐVKình Dương(H) | L8: L. Lộc Tồn(V) | M8: L. ĐV Hóa Khoa(M) | N8: P.Hóa Quyền: Cung Điền Trạch | P8: L. ĐVKình Dương(H) | Q8: L. Lộc Tồn(V) | R8: L. ĐV Hóa Khoa(M) | S8: P.Hóa Quyền: Cung Điền Trạch | U8: L. ĐVKình Dương(H)
B9: L. Đào Hoa | D9: P.Hóa Lộc: Cung Tử Tức | F9: L. ĐVHồng Loan | G9: L. Đào Hoa | I9: P.Hóa Lộc: Cung Tử Tức | K9: L. ĐVHồng Loan | L9: L. Đào Hoa | N9: P.Hóa Lộc: Cung Tử Tức | P9: L. ĐVHồng Loan | Q9: L. Đào Hoa | S9: P.Hóa Lộc: Cung Tử Tức | U9: L. ĐVHồng Loan
D10: P.Hóa Khoa: Cung Thiên Di | I10: P.Hóa Khoa: Cung Thiên Di | N10: P.Hóa Khoa: Cung Thiên Di | S10: P.Hóa Khoa: Cung Thiên Di
D11: P.Hóa Kị: Cung Phụ Mẫu | I11: P.Hóa Kị: Cung Phụ Mẫu | N11: P.Hóa Kị: Cung Phụ Mẫu | S11: P.Hóa Kị: Cung Phụ Mẫu
B24: năm Mão | D24: TRƯỜNG SINH | F24: THÁNG 5 | G24: năm Mão | I24: TRƯỜNG SINH | K24: THÁNG 5 | L24: năm Mão | N24: TRƯỜNG SINH | P24: THÁNG 5 | Q24: năm Mão | S24: TRƯỜNG SINH | U24: THÁNG 5
K25: Tuần
B26: T. TỴ | F26: 65 | Q26: T. TỴ | U26: 65
B27: HỎA (-) | D27: THIÊN DI | G27: Họ Tên: | H27: Nguyễn Ngọc Anh | M27: Theo Đại Vận | Q27: HỎA (-) | S27: THIÊN DI
D28: THIÊN LƯƠNG | G28: Giờ Sinh: | H28: Hợi | M28: Lưu ĐVMệnh | N28: Cung Huynh Đệ | O28: L.ĐVHóa Khoa, L.ĐVĐào Hoa | S28: THIÊN LƯƠNG
B29: Thiên Hình | E29: Đà La | G29: Phạm Giờ: | H29: Quan Quả | I29: Bàng Giờ | M29: Lưu ĐVPhụ Mẫu | N29: Cung Thê Thiếp | Q29: Thiên Hình | T29: Đà La
B30: Thai Phụ | E30: Quả Tú | G30: Năm : | H30: 1980 | J30: Canh Thân | K30: Thạch Lựu Mộc: Gỗ Cây Lựu | M30: Lưu ĐVPhúc Đức | N30: Cung Tử Tức | O30: L.ĐVHóa Lộc, L.ĐVThiên Khôi | Q30: Thai Phụ | T30: Quả Tú
B31: Thiên Đức | E31: L. Đà La(H) | G31: Tháng : | H31: 10 | I31: 9 | J31: Bính Tuất | M31: Lưu ĐVĐiền Trạch | N31: Cung Tài Bạch | Q31: Thiên Đức | T31: L. Đà La(H)
B32: Phúc Đức | E32: L.Kình Dương(H) | G32: Ngày : | H32: 23 | I32: 15 | J32: Kỷ Tỵ | M32: Lưu ĐVQuan Lộc | N32: Cung Tật Ách | Q32: Phúc Đức | T32: L.Kình Dương(H)
B33: L. Lộc Tồn(V) | C33: L. ĐV Hóa Khoa(M) | D33: P.Hóa Quyền: Cung Điền Trạch | F33: L. ĐVKình Dương(H) | G33: Giờ : | H33: 0.90972222 | J33: Ất Hợi | M33: Lưu ĐVNô Bộc | N33: Cung Thiên Di | Q33: L. Lộc Tồn(V) | R33: L. ĐV Hóa Khoa(M) | S33: P.Hóa Quyền: Cung Điền Trạch | U33: L. ĐVKình Dương(H)
B34: L. Đào Hoa | D34: P.Hóa Lộc: Cung Tử Tức | F34: L. ĐVHồng Loan | G34: Năm xem: | H34: 2026 | J34: Bính Ngọ | K34: Thiên Hà Thủy: Nước Trên Trời | M34: Lưu ĐVThiên Di | N34: Cung Nô Bộc | Q34: L. Đào Hoa | S34: P.Hóa Lộc: Cung Tử Tức | U34: L. ĐVHồng Loan
D35: P.Hóa Khoa: Cung Thiên Di | G35: Tuổi Năm Xem | J35: 47 Tuổi | K35: G.Thân (Cung Tử Tức) | M35: Lưu ĐVTật Ách | N35: Cung Quan Lộc | O35: L.ĐVKình Dương, L.ĐVĐại Hao | S35: P.Hóa Khoa: Cung Thiên Di
D36: P.Hóa Kị: Cung Phụ Mẫu | G36: Âm Dương: | H36: Dương Nam | M36: Lưu ĐVTài Bạch | N36: Cung Điền Trạch | S36: P.Hóa Kị: Cung Phụ Mẫu
H37: Âm Dương nghịch lý | M37: Lưu ĐVTử Tức | N37: Cung Phúc Đức
G38: Mệnh: | H38: Thạch Lựu Mộc | M38: Lưu ĐVThê Thiếp | N38: Cung Phụ Mẫu | O38: L. ĐVThiên Mã, L.ĐVThiên Hỷ
G39: Cục: | H39: Thổ Ngũ Cục | M39: Lưu ĐVHuynh Đệ | N39: Cung Mệnh
H40: Mệnh Khắc Cục
H41: Thân Cư Thê | M41: Theo Tiểu Hạn
G42: Mệnh Chủ: | H42: Cự Môn | M42: Lưu Mệnh | N42: Cung Huynh Đệ | O42: L.Hóa Khoa, L.Đào Hoa
G43: Thân Chủ: | H43: Thiên Lương | M43: Lưu Phụ Mẫu | N43: Cung Thê Thiếp
G44: Lai Nhân Cung: | H44: Cung Nô Bộc | M44: Lưu Phúc Đức | N44: Cung Tử Tức | O44: L.Hóa Lộc, L Thiên Khôi
G45: Tuổi Đại Vận: | J45: 45 | K45: K.Mão (Cung Quan Lộc) | M45: Lưu Điền Trạch | N45: Cung Tài Bạch
G46: Sao Hạn Năm Xem: | H46: Thổ Tú - Hành Thổ | M46: Lưu Quan Lộc | N46: Cung Tật Ách
M47: Lưu Nô Bộc | N47: Cung Thiên Di
G48: Tứ Hóa Cố ĐỊnh | H48: Năm Xem(2026) Bính Ngọ | I48: Đại Vận(45 tuổi) Kỷ Mão | M48: Lưu Thiên Di | N48: Cung Nô Bộc
B49: năm Mão | D49: TRƯỜNG SINH | F49: THÁNG 5 | G49: Hóa Quyền | H49: Thiên Cơ | I49: Tham Lang | M49: Lưu Tật Ách | N49: Cung Quan Lộc | O49: L.Kình Dương, L.Đại Hao | Q49: năm Mão | S49: TRƯỜNG SINH | U49: THÁNG 5
G50: Hóa Khoa | H50: Văn Xương | I50: Thiên Lương | M50: Lưu Tài Bạch | N50: Cung Điền Trạch
B51: T. TỴ | F51: 65 | G51: Hóa Lộc | H51: Thiên Đồng | I51: Vũ Khúc | M51: Lưu Tử Tức | N51: Cung Phúc Đức | Q51: T. TỴ | U51: 65
B52: HỎA (-) | D52: THIÊN DI | G52: Hóa Kỵ | H52: Liêm Trinh | I52: Văn Khúc | M52: Lưu Thê Thiếp | N52: Cung Phụ Mẫu | O52: L. Thiên Mã, L.Thiên Hỷ | Q52: HỎA (-) | S52: THIÊN DI
D53: THIÊN LƯƠNG | M53: Lưu Huynh Đệ | N53: Cung Mệnh | S53: THIÊN LƯƠNG
B54: Thiên Hình | E54: Đà La | Q54: Thiên Hình | T54: Đà La
B55: Thai Phụ | E55: Quả Tú | Q55: Thai Phụ | T55: Quả Tú
B56: Thiên Đức | E56: L. Đà La(H) | Q56: Thiên Đức | T56: L. Đà La(H)
B57: Phúc Đức | E57: L.Kình Dương(H) | Q57: Phúc Đức | T57: L.Kình Dương(H)
B58: L. Lộc Tồn(V) | C58: L. ĐV Hóa Khoa(M) | D58: P.Hóa Quyền: Cung Điền Trạch | F58: L. ĐVKình Dương(H) | Q58: L. Lộc Tồn(V) | R58: L. ĐV Hóa Khoa(M) | S58: P.Hóa Quyền: Cung Điền Trạch | U58: L. ĐVKình Dương(H)
B59: L. Đào Hoa | D59: P.Hóa Lộc: Cung Tử Tức | F59: L. ĐVHồng Loan | Q59: L. Đào Hoa | S59: P.Hóa Lộc: Cung Tử Tức | U59: L. ĐVHồng Loan
D60: P.Hóa Khoa: Cung Thiên Di | S60: P.Hóa Khoa: Cung Thiên Di
D61: P.Hóa Kị: Cung Phụ Mẫu | S61: P.Hóa Kị: Cung Phụ Mẫu
B74: năm Mão | D74: TRƯỜNG SINH | F74: THÁNG 5 | Q74: năm Mão | S74: TRƯỜNG SINH | U74: THÁNG 5
K75: Triệt
B77: T. TỴ | F77: 65 | G77: T. TỴ | K77: 65 | L77: T. TỴ | P77: 65 | Q77: T. TỴ | U77: 65
B78: HỎA (-) | D78: THIÊN DI | G78: HỎA (-) | I78: THIÊN DI | L78: HỎA (-) | N78: THIÊN DI | Q78: HỎA (-) | S78: THIÊN DI
D79: THIÊN LƯƠNG | I79: THIÊN LƯƠNG | N79: THIÊN LƯƠNG | S79: THIÊN LƯƠNG
B80: Thiên Hình | E80: Đà La | G80: Thiên Hình | J80: Đà La | L80: Thiên Hình | O80: Đà La | Q80: Thiên Hình | T80: Đà La
B81: Thai Phụ | E81: Quả Tú | G81: Thai Phụ | J81: Quả Tú | L81: Thai Phụ | O81: Quả Tú | Q81: Thai Phụ | T81: Quả Tú
B82: Thiên Đức | E82: L. Đà La(H) | G82: Thiên Đức | J82: L. Đà La(H) | L82: Thiên Đức | O82: L. Đà La(H) | Q82: Thiên Đức | T82: L. Đà La(H)
B83: Phúc Đức | E83: L.Kình Dương(H) | G83: Phúc Đức | J83: L.Kình Dương(H) | L83: Phúc Đức | O83: L.Kình Dương(H) | Q83: Phúc Đức | T83: L.Kình Dương(H)
B84: L. Lộc Tồn(V) | C84: L. ĐV Hóa Khoa(M) | D84: P.Hóa Quyền:Cung Điền Trạch | F84: L. ĐVKình Dương(H) | G84: L. Lộc Tồn(V) | H84: L. ĐV Hóa Khoa(M) | I84: P.Hóa Quyền: Cung Điền Trạch | K84: L. ĐVKình Dương(H) | L84: L. Lộc Tồn(V) | M84: L. ĐV Hóa Khoa(M) | N84: P.Hóa Quyền: Cung Điền Trạch | P84: L. ĐVKình Dương(H) | Q84: L. Lộc Tồn(V) | R84: L. ĐV Hóa Khoa(M) | S84: P.Hóa Quyền: Cung Điền Trạch | U84: L. ĐVKình Dương(H)
B85: L. Đào Hoa | D85: P.Hóa Lộc: Cung Tử Tức | F85: L. ĐVHồng Loan | G85: L. Đào Hoa | I85: P.Hóa Lộc: Cung Tử Tức | K85: L. ĐVHồng Loan | L85: L. Đào Hoa | N85: P.Hóa Lộc: Cung Tử Tức | P85: L. ĐVHồng Loan | Q85: L. Đào Hoa | S85: P.Hóa Lộc: Cung Tử Tức | U85: L. ĐVHồng Loan
D86: P.Hóa Khoa: Cung Thiên Di | I86: P.Hóa Khoa: Cung Thiên Di | N86: P.Hóa Khoa: Cung Thiên Di | S86: P.Hóa Khoa: Cung Thiên Di
D87: P.Hóa Kị: Cung Phụ Mẫu | I87: P.Hóa Kị: Cung Phụ Mẫu | N87: P.Hóa Kị: Cung Phụ Mẫu | S87: P.Hóa Kị: Cung Phụ Mẫu
B99: năm Mão | D99: TRƯỜNG SINH | F99: THÁNG 5 | G99: năm Mão | I99: TRƯỜNG SINH | K99: THÁNG 5 | L99: năm Mão | N99: TRƯỜNG SINH | P99: THÁNG 5 | Q99: năm Mão | S99: TRƯỜNG SINH | U99: THÁNG 5

Sheet Sheet8

Sheet TẠO LÁ SỐ
A1: năm sinh | B1: =L32 -> 1993 | C1: =VLOOKUP($B$1,'NGŨ HÀNH'!$A:$I,2,0) -> QUÝ | G1: =VLOOKUP($B$1,'NGŨ HÀNH'!$A:$I,3,0) -> DẬU | H1: =VLOOKUP($B$1,'NGŨ HÀNH'!$A:$I,4,0) -> Quý Dậu | J1: CHỌN CUNG AN NGUYỆT HẠN | L1: 36892 | M1: =CONCATENATE((N2-L32+1)," TUỔI") -> 33 TUỔI | N1: NĂM XEM
A2: năm xem | B2: =N2 -> 2025 | C2: =VLOOKUP($B$2,'NGŨ HÀNH'!$A:$I,2,0) -> ẤT | G2: =VLOOKUP($B$2,'NGŨ HÀNH'!$A:$I,3,0) -> TỴ | H2: =VLOOKUP($B$2,'NGŨ HÀNH'!$A:$I,4,0) -> Ất Tỵ | J2: ='AN CÁC SAO CHÍNH TINH'!$CU$4 -> SỬU | K2: 1 | L2: TANG MÔN | M2: THITSAR | N2: 2025 | P2: =M46 -> ẤT TỴ
F3: KIM | G3: MỘC | H3: THỦY | J3: HỎA | K3: THỔ | L3: cung huynh đệ tại hợi
D4: THT- KIM | J4: THT - HỎA | P4: THT - MỘC | V4: THT- THỦY
B5: CUNG NÔ BỘC | C5: 8 | F5: 54 | G5: TỴ | H5: CUNG THIÊN DI | I5: 9 | L5: 64 | M5: NGỌ | N5: CUNG TẬT ÁCH | O5: 10 | R5: 74 | S5: MÙI | T5: CUNG TÀI BẠCH | U5: 11 | X5: 84 | Y5: THÂN
B6: TỬ VI-M | C6: 1 | G6: HỎA (-) | I6: 62 | M6: HỎA (+) | O6: 31 | S6: THỔ(-) | U6: 60 | Y6: KIM(+)
B7: THẤT SÁT-V | C7: 16 | I7: 122 | O7: 32 | U7: 143
D8: Đ.V.CUNG.ĐIỀN TRẠCH | E8: 6 | J8: Đ.V.CUNG.QUAN LỘC | K8: 7 | P8: Đ.V.CUNG.NÔ BỘC | Q8: 8 | V8: Đ.V.CUNG.THIÊN DI | W8: 9
B9: THIÊN THƯƠNG | F9: L.MỆNH | G9: 3 | L9: L.PHỤ MẪU | M9: 4 | N9: THIÊN SỨ | R9: L.CUNG PHÚC | S9: 5 | X9: L.ĐIỀN TRẠCH | Y9: 6
B10: THIÊN VIỆT-V | C10: 38 | E10: #N/A | H10: THIÊN QUAN | I10: 42 | K10: #N/A | N10: THIÊN RIÊU-H | O10: 11 | P10: Đ.V.THIÊN VIỆT-V | Q10: 32 | T10: QUỐC ẤN | U10: 40 | V10: Đ.V.THIÊN HƯ-H | W10: 17
B11: THIÊN PHÚC | C11: 39 | E11: #N/A | F11: L.HÓA KHOA | G11: 20 | H11: THIÊN ĐỨC | I11: 102 | K11: #N/A | L11: L.THIÊN TRÙ | M11: 34 | N11: THIÊN Y-H | O11: 12 | Q11: #N/A | R11: L.TRIỆT | S11: 37 | T11: TRỰC PHÙ | U11: 123 | V11: Đ.V.THIÊN MÃ | W11: 19 | X11: L.ĐƯỜNG PHÙ | Y11: 26
B12: ĐƯỜNG PHÙ | C12: 45 | E12: #N/A | F12: L.THANH LONG | G12: 50 | H12: HỒNG LOAN | I12: 103 | K12: #N/A | L12: L.TRIỆT | M12: 36 | N12: ĐỊA KIẾP-H | O12: 26 | Q12: #N/A | R12: L.TƯỚNG QUÂN | S12: 52 | T12: BỆNH PHÙ | U12: 194 | W12: #N/A | X12: L.THIÊN PHÚC | Y12: 32
B13: PHÁ TOÁI | C13: 111 | E13: #N/A | F13: L.THÁI TUẾ | G13: 66 | H13: ĐÀO HOA | I13: 104 | K13: #N/A | L13: L.TIỂU HAO-H | M13: 51 | N13: QUẢ TÚ | O13: 101 | Q13: #N/A | R13: L.TANG MÔN-H | S13: 83 | T13: THIÊN QUÝ | U13: 232 | W13: #N/A | X13: L.THIÊN VIỆT | Y13: 35
B14: BẠCH HỔ-H | C14: 114 | E14: #N/A | G14: #N/A | H14: PHÚC ĐỨC | I14: 121 | K14: #N/A | L14: L.ĐÀO HOA | M14: 69 | N14: ĐIẾU KHÁCH | O14: 122 | Q14: #N/A | S14: #N/A | U14: #N/A | W14: #N/A | X14: L.TẤU THƯ | Y14: 49
B15: TẤU THƯ | C15: 191 | E15: #N/A | G15: #N/A | H15: PHI LIÊM | I15: 192 | K15: #N/A | L15: L.THIÊN KHÔNG | M15: 88 | N15: HỶ THẦN | O15: 193 | Q15: #N/A | S15: #N/A | U15: #N/A | W15: #N/A | X15: L.CÔ THẦN | Y15: 68
C16: #N/A | D16: P. HÓA QUYỀN | E16: CUNG MỆNH | G16: #N/A | H16: ÂN QUANG-B | I16: 229 | J16: P. HÓA QUYỀN | K16: CUNG MỆNH | L16: L.THIẾU DƯƠNG-Đ | M16: 91 | O16: #N/A | P16: P. HÓA QUYỀN | Q16: CUNG PHỤ MẪU | S16: #N/A | U16: #N/A | V16: P. HÓA QUYỀN | W16: CUNG PHỤ MẪU | X16: L.THIẾU ÂM-Đ | Y16: 90
C17: #N/A | D17: P. HÓA LỘC | E17: CUNG MỆNH | G17: #N/A | I17: #N/A | J17: P. HÓA LỘC | K17: CUNG PHỤ MẪU | M17: #N/A | O17: #N/A | P17: P. HÓA LỘC | Q17: CUNG PHỤ MẪU | S17: #N/A | U17: #N/A | V17: P. HÓA LỘC | W17: CUNG PHÚC ĐỨC | Y17: #N/A
C18: #N/A | D18: P. HÓA KỴ | E18: CUNG PHÚC ĐỨC | G18: #N/A | I18: #N/A | J18: P. HÓA KỴ | K18: CUNG QUAN LỘC | M18: #N/A | O18: #N/A | P18: P. HÓA KỴ | Q18: CUNG MỆNH | S18: #N/A | U18: #N/A | V18: P. HÓA KỴ | W18: CUNG MỆNH | Y18: #N/A
C19: #N/A | D19: P. HÓA KHOA | E19: CUNG QUAN LỘC | G19: #N/A | I19: #N/A | J19: P. HÓA KHOA | K19: CUNG QUAN LỘC | M19: #N/A | O19: #N/A | P19: P. HÓA KHOA | Q19: CUNG QUAN LỘC | S19: #N/A | U19: #N/A | V19: P. HÓA KHOA | W19: CUNG MỆNH | Y19: #N/A
C20: #N/A | G20: #N/A | I20: #N/A | M20: #N/A | O20: #N/A | S20: #N/A | U20: #N/A | Y20: #N/A
C21: #N/A | G21: #N/A | I21: #N/A | M21: #N/A | O21: #N/A | S21: #N/A | U21: #N/A | Y21: #N/A
C22: #N/A | G22: #N/A | I22: #N/A | M22: #N/A | O22: #N/A | S22: #N/A | U22: #N/A | Y22: #N/A
C23: #N/A | G23: #N/A | I23: #N/A | M23: #N/A | O23: #N/A | S23: #N/A | U23: #N/A | Y23: #N/A
B27: Đinh Tỵ | D27: TRƯỜNG SINH | G27: THÁNG 5 | H27: Mậu Ngọ | J27: MỘC DỤC | M27: THÁNG 6 | N27: Kỷ Mùi | P27: QUAN ĐỚI | S27: THÁNG 7 | T27: Canh Thân | V27: LÂM QUAN | Y27: THÁNG 8
B28: CUNG QUAN LỘC | C28: 7 | D28: ( THÂN ) | F28: 44 | G28: THÌN | H28: HỢI | K28: TUẤT | P28: DẬU | S28: THÂN | T28: CUNG TỬ TỨC | U28: 12 | X28: 94 | Y28: DẬU
B29: THIÊN CƠ-M | C29: 9 | G29: THỔ(+) | K29: TÊN | L29: THITSAR | M29: THÂN (15H-17H ) | T29: LIÊM TRINH-H | U29: 5 | Y29: KIM(-)
B30: THIÊN LƯƠNG-M | C30: 15 | J30: 0.8 | K30: GIỜ SINH | L30: THÂN | M30: THÂN-7 | Q30: DƯƠNG NAM/ÂM NỮ | R30: ÂM NAM/DƯƠNG NỮ | T30: PHÁ QUÂN-H | U30: 17
B31: THIÊN LA | D31: Đ.V.CUNG PHÚC | E31: 5 | K31: PHẠM GIỜ | M31: GIỜ BÀNG GIỜ | P31: 4 | Q31: CUNG MỆNH | R31: CUNG MỆNH | V31: Đ.V.CUNG TẬT | W31: 10
F32: L.BÀO | G32: 14 | J32: 0.8 | K32: NĂM SINH | L32: 1993 | M32: QUÝ DẬU | N32: KIẾM PHONG KIM-VÀNG MŨI KIẾM | P32: 14 | Q32: CUNG PHỤ MẪU | R32: CUNG HUYNH ĐỆ | X32: L.QUAN LỘC | Y32: 7
B33: HỮU BẬT-Đ | C33: 9 | D33: Đ.V.TANG MÔN-H | E33: 16 | P33: 24 | Q33: CUNG PHÚC ĐỨC | R33: CUNG PHU/THÊ | T33: HÓA LỘC | U33: 49 | V33: Đ.V.HÓA LỘC | W33: 27
B34: LONG ĐỨC | C34: 120 | D34: Đ.V.THIÊN KHỐC-H | E34: 18 | F34: L.HÓA LỘC-V | G34: 22 | P34: 34 | Q34: CUNG ĐIỀN TRẠCH | R34: CUNG TỬ TỨC | T34: THIÊN KHỐC-Đ | U34: 97 | V34: Đ.V.HÓA QUYỀN-H | W34: 28 | X34: L.PHI LIÊM | Y34: 46
B35: TƯỚNG QUÂN | C35: 190 | E35: #N/A | F35: L.HÓA QUYỀN-V | G35: 23 | J35: 0.9 | K35: THÁNG SINH | L35: 7 | M35: CANH THÂN | P35: 44 | Q35: CUNG QUAN LỘC | R35: CUNG TÀI BẠCH | T35: THÁI TUẾ | U35: 112 | W35: #N/A | X35: L.LONG TRÌ | Y35: 76
C36: #N/A | E36: #N/A | F36: L.KÌNH DƯƠNG-V | G36: 27 | J36: 1.5 | K36: NGÀY SINH | L36: 6 | M36: Ất Mão | P36: 54 | Q36: CUNG NÔ BỘC | R36: CUNG TẬT ÁCH | T36: ĐẠI HAO-Đ | U36: 195 | W36: #N/A | X36: L.PHÁ TOÁI | Y36: 78
C37: #N/A | E37: #N/A | F37: L.THIÊN QUAN | G37: 33 | K37: GIỚI TÍNH | L37: NỮ | N37: CUNG MỆNH AN TẠI | P37: 64 | Q37: CUNG THIÊN DI | R37: CUNG THIÊN DI | T37: THIÊN TÀI | U37: 235 | W37: #N/A | X37: L.QUAN PHÙ | Y37: 82
C38: #N/A | E38: #N/A | F38: L.LỰC SỸ | G38: 45 | H38: TÝ | L38: ÂM NỮ | M38: Âm Dương Nghịch Lý | N38: Tý Thủy + | P38: 74 | Q38: CUNG TẬT ÁCH | R38: CUNG NÔ BỘC | S38: MÙI | U38: #N/A | W38: #N/A | Y38: #N/A
C39: #N/A | D39: P. HÓA QUYỀN | E39: CUNG QUAN LỘC | F39: L.QUẢ TÚ | G39: 81 | K39: CỤC | L39: KIM 4 CỤC | M39: KIM 4 CỤC6 | P39: 84 | Q39: CUNG TÀI BẠCH | R39: CUNG QUAN LỘC | U39: #N/A | V39: P. HÓA QUYỀN | W39: CUNG PHÚC ĐỨC | Y39: #N/A
C40: #N/A | D40: P. HÓA LỘC | E40: CUNG MỆNH | F40: L.THIÊN HỶ | G40: 86 | K40: CUNG QUAN LỘC | L40: THÂN CƯ CUNG QUAN LỘC | M40: ( THÂN ) | P40: 94 | Q40: CUNG TỬ TỨC | R40: CUNG ĐIỀN TRẠCH | U40: #N/A | V40: P. HÓA LỘC | W40: CUNG PHÚC ĐỨC | Y40: #N/A
C41: #N/A | D41: P. HÓA KỴ | E41: CUNG TỬ TỨC | F41: L.TRỰC PHÙ | G41: 92 | K41: CHỦ MỆNH | L41: VĂN KHÚC | P41: 104 | Q41: CUNG PHU/THÊ | R41: CUNG PHÚC ĐỨC | U41: #N/A | V41: P. HÓA KỴ | W41: CUNG PHÚC ĐỨC | Y41: #N/A
C42: #N/A | D42: P. HÓA KHOA | E42: CUNG PHÚC ĐỨC | G42: #N/A | K42: CHỦ THÂN | L42: THIÊN ĐỒNG | P42: 114 | Q42: CUNG HUYNH ĐỆ | R42: CUNG PHỤ MẪU | U42: #N/A | V42: P. HÓA KHOA | W42: CUNG MỆNH | Y42: #N/A
C43: #N/A | E43: #VALUE! | G43: #N/A | K43: BẢN MỆNH - CỤC | L43: KIẾM PHONG KIM - KIM 4 CỤC | U43: #N/A | W43: #VALUE! | Y43: #N/A
C44: #N/A | E44: #VALUE! | G44: #N/A | K44: CÂN LƯỢNG | L44: 4 LƯỢNG | U44: #N/A | W44: #VALUE! | Y44: #N/A
C45: #N/A | E45: #VALUE! | G45: #N/A | K45: LAI NHÂN CUNG | L45: CUNG HUYNH ĐỆ | N45: TUỔI | P45: 24 | R45: CUNG PHÚC ĐỨC | U45: #N/A | W45: #VALUE! | Y45: #N/A
C46: #N/A | E46: #VALUE! | G46: #N/A | K46: NĂM XEM | L46: 2025 | M46: ẤT TỴ | N46: 33 | P46: 25 | Q46: 84 | R46: CUNG TÀI BẠCH | U46: #N/A | W46: #VALUE! | Y46: #N/A
C47: #N/A | E47: #VALUE! | G47: #N/A | K47: TUỔI NĂM XEM | L47: 33 | P47: 26 | Q47: 74 | R47: CUNG TẬT ÁCH | U47: #N/A | W47: #VALUE! | Y47: #N/A
C48: #N/A | E48: #VALUE! | G48: #N/A | K48: TUỔI ĐẠI VẬN | L48: 24 | M48: Giáp Dần | P48: 27 | Q48: 84 | R48: CUNG TÀI BẠCH | U48: #N/A | W48: #VALUE! | Y48: #N/A
C49: #N/A | E49: #VALUE! | G49: #N/A | P49: 28 | Q49: 94 | R49: CUNG TỬ TỨC | U49: #N/A | W49: #VALUE! | Y49: #N/A
C50: #N/A | E50: #VALUE! | G50: #N/A | P50: 29 | Q50: 104 | R50: CUNG PHU/THÊ | U50: #N/A | W50: #VALUE! | Y50: #N/A
C51: #N/A | E51: #VALUE! | G51: #N/A | P51: 30 | Q51: 114 | R51: CUNG HUYNH ĐỆ | U51: #N/A | W51: #VALUE! | Y51: #N/A
C52: #N/A | E52: #VALUE! | G52: #N/A | P52: 31 | Q52: 4 | R52: CUNG MỆNH | U52: #N/A | W52: #VALUE! | Y52: #N/A
C53: #N/A | E53: #VALUE! | G53: #N/A | P53: 32 | Q53: 14 | R53: CUNG PHỤ MẪU | U53: #N/A | W53: #VALUE! | Y53: #N/A
P54: 33 | Q54: 24 | R54: CUNG PHÚC ĐỨC
B55: Bính Thìn | D55: DƯỠNG | G55: THÁNG 4 | T55: Tân Dậu | V55: ĐẾ VƯỢNG | Y55: THÁNG 9
B56: CUNG ĐIỀN TRẠCH | C56: 6 | F56: 34 | G56: MÃO | K56: MỆNH NĂM -2025 | L56: PHÚ ĐĂNG HỎA | M56: LỬA ĐÈN TO | Q56: CUNG | T56: CUNG PHU/THÊ | U56: 13 | W56: TUẦN | X56: 104 | Y56: TUẤT
B57: THIÊN TƯỚNG-H | C57: 14 | G57: MỘC(-) | K57: SAO HẠN NĂM 2025 | L57: LA HẦU - HÀNH KIM | Q57: TÝ | R57: 12 | U57: 21 | Y57: THỔ(+)
C58: 30 | K58: LƯU TIỂU HẠN | L58: CUNG HUYNH ĐỆ | Q58: SỬU | R58: 1 | U58: 28
D59: Đ.V.CUNG.PHỤ MẪU | E59: 4 | K59: LƯU NIÊN TIỂU HẠN | L59: CUNG PHÚC ĐỨC | Q59: DẦN | R59: 2 | T59: ĐỊA VÕNG | V59: Đ.V.CUNG.TÀI BẠCH | W59: 11
F60: L.CUNG PHU/THÊ | G60: 13 | J60: TỨ HÓA THEO NĂM | K60: AN TỨ HÓA-2025 | N60: AN ĐẠI VẬN-24 | Q60: MÃO | R60: 3 | X60: L.NÔ BỘC | Y60: 8
B61: THIÊN HÌNH-Đ | C61: 10 | D61: Đ.V.KÌNH DƯƠNG-H | E61: 29 | K61: L.THÁI TUẾ | L61: CUNG NÔ BỘC | Q61: THÌN | R61: 4 | T61: TUẦN | U61: 1 | V61: Đ.V.BẠCH HỔ-H | W61: 15
B62: ĐỊA KHÔNG-H | C62: 25 | E62: #N/A | F62: L.TUẦN | G62: 17 | H62: SỬU | K62: L.HÓA KHOA | L62: CUNG NÔ BỘC-TỬ VI | N62: Đ.V.HÓA KHOA | P62: CUNG PHỤ MẪU | Q62: TỴ | R62: 5 | S62: NGỌ | T62: TẢ PHÙ-Đ | U62: 8 | W62: #N/A | X62: L.LƯU HÀ | Y62: 29
B63: THIÊN KHÔI-V | C63: 44 | E63: #N/A | F63: L.BÁC SỸ | G63: 24 | K63: L.HÓA QUYỀN | L63: CUNG QUAN LỘC-THIÊN LƯƠNG | N63: Đ.V.HÓA QUYỀN | P63: CUNG TỬ TỨC | Q63: NGỌ | R63: 6 | T63: PHONG CÁO | U63: 24 | W63: #N/A | X63: L.HỶ THẦN | Y63: 44
B64: LN.VĂN TINH | C64: 54 | E64: #N/A | F64: L.LỘC TỒN-V | G64: 28 | K64: L.HÓA LỘC | L64: CUNG QUAN LỘC-THIÊN CƠ | N64: Đ.V.HÓA LỘC | P64: CUNG TỬ TỨC | Q64: MÙI | R64: 7 | T64: THIÊN TRÙ | U64: 41 | W64: #N/A | X64: L.HỒNG LOAN | Y64: 73
B65: THIÊN HƯ-Đ | C65: 100 | E65: #N/A | F65: L.ĐIẾU KHÁCH | G65: 70 | K65: L.HÓA KỴ | L65: CUNG MỆNH-THÁI ÂM | N65: Đ.V.HÓA KỴ | P65: CUNG PHÚC ĐỨC | Q65: THÂN | R65: 8 | T65: THIÊN KHÔNG | U65: 109 | W65: #N/A | X65: L.NGUYỆT ĐỨC | Y65: 77
B66: TUẾ PHÁ | C66: 119 | D66: P. HÓA QUYỀN | E66: CUNG QUAN LỘC | G66: #N/A | H66: TỨ HÓA CỐ ĐỊNH | J66: NĂM CAN-QUÝ | K66: L.LỘC TỒN | L66: CUNG ĐIỀN TRẠCH | N66: Đ.V.LỘC TỒN | P66: CUNG PHÚC ĐỨC | Q66: DẬU | R66: 9 | T66: THIẾU DƯƠNG-H | U66: 115 | V66: P. HÓA QUYỀN | W66: CUNG NÔ BỘC | X66: L.TỬ PHÙ | Y66: 93
B67: TIỂU HAO-Đ | C67: 189 | D67: P. HÓA LỘC | E67: CUNG QUAN LỘC | G67: #N/A | H67: HÓA KHOA | J67: THÁI ÂM-CUNG MỆNH | K67: L.THIÊN KHÔI | L67: CUNG MỆNH | N67: Đ.V.THIÊN KHÔI | P67: CUNG PHỤ MẪU | Q67: TUẤT | R67: 10 | T67: PHỤC BINH | U67: 196 | V67: P. HÓA LỘC | W67: CUNG QUAN LỘC | Y67: #N/A
B68: TAM THAI-Đ | C68: 220 | D68: P. HÓA KỴ | E68: CUNG MỆNH | G68: #N/A | H68: HÓA QUYỀN | J68: CỰ MÔN-CUNG PHÚC ĐỨC | K68: L.THIÊN VIỆT | L68: CUNG TÀI BẠCH | N68: Đ.V.THIÊN VIỆT | P68: CUNG TẬT ÁCH | Q68: HỢI | R68: 11 | U68: #N/A | V68: P. HÓA KỴ | W68: CUNG PHỤ MẪU | Y68: #N/A
C69: #N/A | D69: P. HÓA KHOA | E69: CUNG NÔ BỘC | G69: #N/A | H69: HÓA LỘC | J69: PHÁ QUÂN-CUNG TỬ TỨC | K69: L.THIÊN MÃ | L69: CUNG HUYNH ĐỆ | N69: Đ.V.THIÊN MÃ | P69: CUNG TÀI BẠCH | U69: #N/A | V69: P. HÓA KHOA | W69: CUNG HUYNH ĐỆ | Y69: #N/A
C70: #N/A | G70: #N/A | H70: HÓA KỴ | J70: THAM LANG-CUNG PHỤ MẪU | K70: L.ĐÀ LA | L70: CUNG PHÚC ĐỨC | N70: Đ.V.ĐÀ LA | P70: CUNG PHỤ MẪU | U70: #N/A | Y70: #N/A
